country,iso_alpha3,whostandard,natstandard,population,pm_1998,pm_1999,pm_2000,pm_2001,pm_2002,pm_2003,pm_2004,pm_2005,pm_2006,pm_2007,pm_2008,pm_2009,pm_2010,pm_2011,pm_2012,pm_2013,pm_2014,pm_2015,pm_2016,pm_2017,pm_2018,llpp_who_1998,llpp_who_1999,llpp_who_2000,llpp_who_2001,llpp_who_2002,llpp_who_2003,llpp_who_2004,llpp_who_2005,llpp_who_2006,llpp_who_2007,llpp_who_2008,llpp_who_2009,llpp_who_2010,llpp_who_2011,llpp_who_2012,llpp_who_2013,llpp_who_2014,llpp_who_2015,llpp_who_2016,llpp_who_2017,llpp_who_2018,llpp_nat_1998,llpp_nat_1999,llpp_nat_2000,llpp_nat_2001,llpp_nat_2002,llpp_nat_2003,llpp_nat_2004,llpp_nat_2005,llpp_nat_2006,llpp_nat_2007,llpp_nat_2008,llpp_nat_2009,llpp_nat_2010,llpp_nat_2011,llpp_nat_2012,llpp_nat_2013,llpp_nat_2014,llpp_nat_2015,llpp_nat_2016,llpp_nat_2017,llpp_nat_2018
Aruba,ABW,10,0,116576,3.96,3.3800001,3.98,4.9099998,3.54,2.99,3.54,4.7399998,4.0300002,6.4499998,4.2800002,3.6400001,4.3600001,4.1399999,3.6600001,4.2199998,4.04,3.9000001,4.7800002,3.6099999,3.0699999,0,0,0,0,0,0,0,0,0,0,0,0,0,0,0,0,0,0,0,0,0,,,,,,,,,,,,,,,,,,,,,
Afghanistan,AFG,10,10,28565366,16.559999,22.4,18.77,19.33,15.96,12.88,14.34,13.53,14.18,19.120001,16.780001,20.74,18.700001,23.379999,21.4,16.790001,18.790001,20.75,19.129999,17.57,20.51,.67000002,1.22,.89999998,.92000002,.58999997,.30000001,.44,.40000001,.41999999,.89999998,.68000001,1.05,.85000002,1.3099999,1.12,.68000001,.87,1.0599999,.89999998,.76999998,1.03,.67000002,1.22,.89999998,.92000002,.58999997,.30000001,.44,.40000001,.41999999,.89999998,.68000001,1.05,.85000002,1.3099999,1.12,.68000001,.87,1.0599999,.89999998,.76999998,1.03
Angola,AGO,10,0,30239499,17.040001,14.07,14.53,16.5,16.07,15.11,15.26,16.01,14.05,15.35,15.58,15.91,17.07,16.969999,17.02,17.639999,15.69,17.139999,17.07,15.03,15.11,.69,.41999999,.46000001,.63999999,.60000002,.50999999,.52999997,.58999997,.41999999,.52999997,.55000001,.57999998,.69,.68000001,.69,.75,.56,.69999999,.69,.50999999,.5,,,,,,,,,,,,,,,,,,,,,
Anguilla,AIA,10,0,5824,3.1800001,2.4000001,4.54,5.98,3.21,3.5999999,2.6700001,2.99,2.99,4.4499998,3.4300001,3.3,4.75,3.5799999,4.3000002,3.2,3.01,2.5799999,3.6600001,4.4099998,2.8199999,0,0,0,0,0,0,0,0,0,0,0,0,0,0,0,0,0,0,0,0,0,,,,,,,,,,,,,,,,,,,,,
Åland,ALA,10,0,29453,7.3899999,8.3000002,7.3299999,6.5999999,6.6100001,6.6799998,5.0500002,6.0799999,7.9899998,5.6599998,6.04,6.5799999,6.2199998,6.3899999,5.3499999,5.9200001,6.9299998,5.0300002,4.8099999,4.4400001,5.5799999,0,0,0,0,0,0,0,0,0,0,0,0,0,0,0,0,0,0,0,0,0,,,,,,,,,,,,,,,,,,,,,
Albania,ALB,10,15,3054799,19.049999,19.639999,21.66,16.620001,18.790001,18.639999,15.15,18.110001,15.02,13.74,13.19,16.27,9.21,18.280001,15.77,14.47,13.44,16.280001,9.9700003,8.1599998,11.28,.88999999,.94,1.14,.64999998,.86000001,.85000002,.5,.79000002,.49000001,.37,.31999999,.61000001,.050000001,.81,.56999999,.44,.34,.62,.090000004,.02,.15000001,.40000001,.44999999,.64999998,.19,.37,.36000001,.12,.31,.12,.059999999,.050000001,.16,0,.34,.16,.079999998,.050000001,.19,0,0,0
Andorra,AND,10,25,85698,12.29,9.6800003,11.42,8.8699999,10.57,9.6800003,8.7600002,7.96,8.7700005,7.9299998,7.5300002,10.16,6.1500001,8.9899998,7.7600002,7.29,4.71,8.0200005,6.6300001,7.5700002,6.6399999,.22,0,.14,0,.059999999,0,0,0,0,0,0,.02,0,0,0,0,0,0,0,0,0,0,0,0,0,0,0,0,0,0,0,0,0,0,0,0,0,0,0,0,0,0
United Arab Emirates,ARE,10,0,9591812,11.26,8.8400002,19.02,11.16,10.55,10.11,11.01,13.55,14.64,11.78,16.98,10.47,15.06,14.33,25.059999,14.09,15.31,16.99,16.51,11.81,15.83,.13,.0099999998,.88,.11,.07,.059999999,.12,.34999999,.44999999,.18000001,.68000001,.059999999,.5,.41999999,1.48,.40000001,.51999998,.69,.63999999,.18000001,.56999999,,,,,,,,,,,,,,,,,,,,,
Argentina,ARG,10,15,44823715,7.9299998,8.6999998,8.2200003,8.6099997,8.5299997,8.5299997,7.7600002,7.52,7.8000002,8.7399998,8.2799997,7.96,8.1800003,8.8800001,7.98,8.3500004,7.6100001,8.4200001,8.2299995,7.7600002,7.4099998,.059999999,.07,.07,.059999999,.07,.059999999,.050000001,.050000001,.050000001,.079999998,.050000001,.050000001,.050000001,.07,.050000001,.07,.039999999,.079999998,.059999999,.050000001,.050000001,.02,.0099999998,.02,0,.0099999998,.0099999998,.0099999998,.0099999998,0,.0099999998,0,0,.0099999998,.0099999998,0,.0099999998,0,.0099999998,.0099999998,0,0
Armenia,ARM,10,0,3045483,17.139999,12.03,12.26,10.76,12.94,7.5900002,7.9299998,11.37,8.9300003,10.56,14.62,13.18,11.8,14.29,15.38,14.37,13.99,10.62,17.02,14.28,11.37,.69999999,.22,.23999999,.16,.30000001,0,.0099999998,.19,.039999999,.14,.44999999,.34999999,.22,.41999999,.54000002,.43000001,.40000001,.14,.69,.44,.2,,,,,,,,,,,,,,,,,,,,,
American Samoa,ASM,10,0,50794,0,1.64,1.58,1.59,1.13,1.8,1.75,1.8200001,1.7,1.16,1.62,1.54,1.75,1.51,1.47,0,.88999999,0,0,1.1900001,1.5700001,0,0,0,0,0,0,0,0,0,0,0,0,0,0,0,0,0,0,0,0,0,,,,,,,,,,,,,,,,,,,,,
French Southern Territories,ATF,10,0,111194,4.4699998,3.4100001,4.1100001,5.3000002,4.48,4.3099999,3.6700001,3.74,3.75,4.21,3.8399999,4.6999998,4.4200001,5.0700002,4.4000001,5.1999998,4.5799999,5.1999998,4.7800002,3.6600001,3.9300001,0,0,0,0,0,0,0,0,0,0,0,0,0,0,0,0,0,0,0,0,0,,,,,,,,,,,,,,,,,,,,,
Antigua and Barbuda,ATG,10,0,95882,2.9000001,1.63,4.4099998,5.1399999,2.79,1.84,2.73,3.04,2.5899999,3.97,3.3800001,2.29,4.5500002,2.98,3.9300001,2.72,1.0599999,2.9000001,1.5,3.1300001,1.63,0,0,0,0,0,0,0,0,0,0,0,0,0,0,0,0,0,0,0,0,0,,,,,,,,,,,,,,,,,,,,,
Australia,AUS,10,8,23462247,5.1300001,5.9400001,5.48,5.5900002,6.3800001,6.9099998,4.7800002,4.8800001,6.21,5.1700001,4.4099998,5.6700001,4.5900002,5.0100002,4.9299998,5.1100001,5.02,5.6199999,4.98,5.2600002,4.8600001,0,0,0,0,0,.029999999,0,0,.0099999998,0,0,0,0,0,0,0,0,0,0,0,0,.0099999998,.02,.0099999998,.0099999998,.039999999,.079999998,0,0,.039999999,0,0,0,0,0,0,.0099999998,0,.0099999998,0,0,0
Austria,AUT,10,25,8791509,23.870001,19.870001,20.92,18.48,20.440001,18.639999,15.99,18.26,19.209999,13.51,12.67,18.93,17.030001,17.74,15.01,16.66,14.99,15.8,15.63,12.84,12.73,1.36,.97000003,1.0700001,.82999998,1.02,.85000002,.58999997,.81,.89999998,.34999999,.25999999,.88,.69,.75999999,.49000001,.64999998,.49000001,.56999999,.55000001,.30000001,.27000001,.12,0,.0099999998,0,.0099999998,0,0,0,0,0,0,0,0,0,0,0,0,0,0,0,0
Azerbaijan,AZE,10,0,10004789,12.34,14.19,10.17,8.4300003,12.57,6.21,7.02,8.9200001,12.29,7.9000001,11.89,8.29,7.4099998,11.27,13.26,11.35,10.82,7.04,13.07,10.48,8.04,.25,.41,.059999999,.02,.25999999,0,.0099999998,.039999999,.25,.02,.23,.0099999998,.0099999998,.16,.33000001,.17,.13,.0099999998,.30000001,.11,.02,,,,,,,,,,,,,,,,,,,,,
Burundi,BDI,10,0,11846545,29.030001,20.139999,24.9,24.870001,20.66,20.01,20.93,21.200001,16.290001,21.35,21.52,20.559999,20.27,24.49,24.58,23.43,22.530001,23.379999,22.459999,19.370001,16.51,1.86,.99000001,1.46,1.46,1.04,.98000002,1.0700001,1.1,.62,1.11,1.13,1.03,1.01,1.42,1.4299999,1.3200001,1.23,1.3099999,1.22,.92000002,.63999999,,,,,,,,,,,,,,,,,,,,,
Belgium,BEL,10,25,11573968,27.48,20.76,21.02,18.84,17.790001,21.629999,18.799999,15.95,19.82,15.89,16.07,18.83,19.59,17.309999,17.870001,16.559999,14.09,13.76,15.15,14.51,13.36,1.71,1.05,1.08,.87,.75999999,1.14,.86000001,.57999998,.95999998,.57999998,.60000002,.87,.94,.72000003,.76999998,.63999999,.40000001,.37,.5,.44,.33000001,.25999999,0,0,0,0,0,0,0,0,0,0,0,0,0,0,0,0,0,0,0,0
Benin,BEN,10,0,11366677,43.720001,23.110001,23.57,35.23,25.940001,24.26,41.049999,42.41,28.549999,41.709999,30.83,29.59,31.639999,33.040001,32.810001,31.49,33.330002,38.950001,26.629999,27.889999,28.34,3.3,1.29,1.34,2.47,1.5700001,1.4,3.04,3.1800001,1.8200001,3.1099999,2.04,1.92,2.1199999,2.26,2.23,2.1099999,2.29,2.8399999,1.63,1.75,1.8,,,,,,,,,,,,,,,,,,,,,
"Bonaire, Sint Eustatius and Saba",BES,10,0,19109,3.9000001,1.86,2.8900001,5.3200002,2.75,2.1700001,3.4400001,3.76,3.6300001,6.02,3.5599999,3.6700001,3.52,3.3399999,3.4300001,3.8900001,4.3400002,2.71,5.1500001,4.9899998,2.45,0,0,0,0,0,0,0,0,0,0,0,0,0,0,0,0,0,0,0,0,0,,,,,,,,,,,,,,,,,,,,,
Burkina Faso,BFA,10,0,19769083,13.27,7.9200001,7.46,11.3,6.9899998,8.1599998,12.56,13.61,7.0999999,14.36,11.37,10.57,11.04,12.69,15.23,9.9700003,8.0299997,15.43,9.3500004,10.82,9.1300001,.36000001,.029999999,.0099999998,.19,0,.0099999998,.28,.36000001,.0099999998,.43000001,.15000001,.11,.15000001,.28,.50999999,.079999998,.0099999998,.54000002,.039999999,.1,.050000001,,,,,,,,,,,,,,,,,,,,,
Bangladesh,BGD,10,15,160245803,38.82,38.290001,46.849998,49.799999,50.299999,47.330002,47.5,49.740002,51.740002,52.290001,54.189999,65.68,54.93,67.25,79.389999,65.870003,67.800003,66.75,66.769997,67.660004,73.260002,2.8199999,2.77,3.6099999,3.9000001,3.95,3.6600001,3.6800001,3.8900001,4.0900002,4.1399999,4.3299999,5.46,4.4000001,5.6100001,6.8000002,5.48,5.6599998,5.5599999,5.5599999,5.6500001,6.1999998,2.3299999,2.28,3.1199999,3.4100001,3.46,3.1700001,3.1900001,3.4000001,3.5999999,3.6500001,3.8399999,4.9699998,3.9100001,5.1199999,6.3099999,4.9899998,5.1700001,5.0700002,5.0700002,5.1599998,5.71
Bulgaria,BGR,10,25,7064772,25.09,21.6,24.73,21.030001,22.969999,21.16,18.83,20.209999,18.77,15.45,16.26,17.77,14.92,23.139999,18.74,14.85,18.34,17.120001,16.1,11.5,11.42,1.48,1.14,1.4400001,1.08,1.27,1.09,.86000001,1,.86000001,.54000002,.61000001,.75999999,.49000001,1.29,.86000001,.47999999,.81999999,.69999999,.60000002,.20999999,.22,.23,.079999998,.25999999,.1,.16,.12,.059999999,.090000004,.039999999,0,0,.0099999998,0,.20999999,.039999999,0,.050000001,.0099999998,0,0,0
Bahrain,BHR,10,0,1295235,15.97,13.34,23.190001,12.35,17.540001,8.5200005,16.59,24.540001,21.690001,20.85,29.940001,9.7700005,19.58,17.77,29.190001,21.18,17.780001,21.43,22.58,16.549999,19.41,.58999997,.33000001,1.29,.23,.74000001,0,.64999998,1.42,1.15,1.0599999,1.95,.050000001,.94,.75999999,1.88,1.1,.75999999,1.12,1.23,.63999999,.92000002,,,,,,,,,,,,,,,,,,,,,
Bahamas,BHS,10,0,364830,8.3400002,7.3099999,5.6300001,6.5799999,5.0100002,4.6999998,6.1799998,6.25,5.7199998,6.3600001,4.3000002,5.1599998,5.52,4.1100001,5.04,5.1199999,5.02,3.8699999,4.6300001,4.1599998,4.0999999,.039999999,0,0,0,0,0,0,0,0,0,0,0,0,0,0,0,0,0,0,0,0,,,,,,,,,,,,,,,,,,,,,
Bosnia and Herzegovina,BIH,10,25,3849117,22.549999,21.370001,24.219999,18.559999,22.18,21.17,16.75,20.16,18.51,16.190001,15.69,20.040001,18.75,22.799999,19.059999,18.790001,16.32,21.690001,15.69,12.66,14.91,1.23,1.11,1.39,.83999997,1.1900001,1.09,.66000003,1,.82999998,.61000001,.56,.98000002,.86000001,1.25,.88999999,.86000001,.62,1.15,.56,.30000001,.47999999,.039999999,.029999999,.11,0,.02,.0099999998,0,.0099999998,0,0,0,0,.0099999998,.050000001,0,0,0,.02,0,0,0
Belarus,BLR,10,15,9525867,22.959999,21.540001,18.77,16.6,21.370001,16.17,15.23,16.299999,20.15,15.6,14.94,18.65,19.73,15.52,14.56,15.1,15.17,15.02,14.8,14.2,15.51,1.27,1.13,.86000001,.64999998,1.11,.60000002,.50999999,.62,.99000001,.55000001,.47999999,.85000002,.94999999,.54000002,.44999999,.5,.50999999,.49000001,.47,.41,.54000002,.77999997,.63999999,.37,.16,.62,.13,.050000001,.16,.5,.1,.050000001,.36000001,.46000001,.090000004,.079999998,.059999999,.050000001,.059999999,.039999999,.029999999,.1
Belize,BLZ,10,0,374655,13.19,9.21,9.3100004,9.3299999,9.5100002,9.8999996,7.9499998,10.06,8.5799999,8.79,8.6400003,7.3800001,7.9699998,10.02,6.8400002,14.48,9.1300001,9.5900002,9.9200001,8.5500002,7.04,.31,.0099999998,.029999999,.02,.039999999,.059999999,0,.039999999,.0099999998,.039999999,0,0,0,.090000004,0,.44,.039999999,.029999999,.050000001,0,0,,,,,,,,,,,,,,,,,,,,,
Bolivia,BOL,10,10,11220867,16.559999,16.1,13.77,11.69,13.37,10.58,12.61,12.61,10.29,14.11,9.8999996,12.76,15.27,13.46,12.47,11.71,11.79,13.12,12.32,12.3,11.91,.66000003,.62,.41999999,.20999999,.36000001,.23999999,.41999999,.40000001,.25,.49000001,.18000001,.28999999,.52999997,.34999999,.25999999,.2,.20999999,.33000001,.25999999,.25999999,.22,.66000003,.62,.41999999,.20999999,.36000001,.23999999,.41999999,.40000001,.25,.49000001,.18000001,.28999999,.52999997,.34999999,.25999999,.2,.20999999,.33000001,.25999999,.25999999,.22
Brazil,BRA,10,0,208739138,12.23,11.07,10.13,9.8699999,9.6999998,9.25,9.5500002,9.0100002,8.5200005,9.7700005,8.6199999,10.08,9.8900003,10.2,9.5299997,9.5699997,8.7399998,9.9200001,9.7299995,9.0799999,9.4300003,.36000001,.31,.23,.16,.14,.14,.18000001,.13,.11,.18000001,.11,.17,.18000001,.17,.13,.14,.079999998,.17,.14,.12,.13,,,,,,,,,,,,,,,,,,,,,
Barbados,BRB,10,0,293131,2.21,2.01,4.52,5.75,2.8399999,2.4000001,3.47,2.3699999,2.21,5.3699999,1.35,1.84,2.5999999,2.6199999,4.1399999,1.58,1.87,4.3600001,1.72,3.45,3.48,0,0,0,0,0,0,0,0,0,0,0,0,0,0,0,0,0,0,0,0,0,,,,,,,,,,,,,,,,,,,,,
Brunei,BRN,10,0,449359,25.17,11.93,9.8699999,10.92,15.83,14.18,14.78,12.61,17.889999,12.03,10.55,18.549999,11.57,14.42,14.71,13.49,13.8,16.27,13.58,11.72,15.06,1.49,.20999999,.090000004,.15000001,.56999999,.41,.47,.27000001,.76999998,.22,.13,.83999997,.20999999,.43000001,.46000001,.34,.37,.61000001,.34999999,.19,.5,,,,,,,,,,,,,,,,,,,,,
Bhutan,BTN,10,0,767514,20.690001,20.700001,24.530001,25.73,25.559999,27.07,30.25,30.6,30.549999,30.799999,32.98,35.919998,33.09,30.52,37.299999,31.709999,35.220001,32.880001,32.450001,32.41,33.560001,1.05,1.05,1.4299999,1.54,1.53,1.67,1.98,2.02,2.01,2.04,2.25,2.54,2.26,2.01,2.6800001,2.1300001,2.47,2.24,2.2,2.2,2.3099999,,,,,,,,,,,,,,,,,,,,,
Botswana,BWA,10,0,2245473,9.6099997,8.1199999,9.2200003,11.27,9.9099998,9.4499998,8.5299997,9.8500004,8.3299999,9.1099997,9.8199997,10.66,11.63,11.83,11.73,10.16,10.11,11.53,10.65,9.9799995,9.1199999,.11,.059999999,.059999999,.14,.07,.059999999,.039999999,.07,.039999999,.039999999,.07,.11,.17,.19,.19,.090000004,.07,.16,.1,.090000004,.050000001,,,,,,,,,,,,,,,,,,,,,
Central African Republic,CAF,10,0,5771239,35.529999,27.530001,26.889999,24.639999,22.139999,23.379999,28.690001,25.290001,22.09,22.120001,26.93,24.469999,26.27,29.450001,31.35,23.799999,27.639999,26.440001,27.08,25.85,28.26,2.5,1.72,1.65,1.4299999,1.1900001,1.3099999,1.83,1.5,1.1900001,1.1900001,1.66,1.42,1.59,1.91,2.0899999,1.35,1.73,1.61,1.67,1.55,1.79,,,,,,,,,,,,,,,,,,,,,
Canada,CAN,10,10,35852387,11.89,10.23,9.5600004,10.04,10.53,10,8.4799995,9.5600004,8.9399996,8.3199997,8.4899998,8.21,7.3899999,8.1499996,8.2799997,7.6900001,8.3000002,8.9300003,7.0700002,8.3500004,9.1199999,.25999999,.14,.090000004,.14,.18000001,.11,.029999999,.13,.050000001,.029999999,.029999999,.0099999998,0,.02,.02,0,.0099999998,.029999999,0,.029999999,.050000001,.25999999,.14,.090000004,.14,.18000001,.11,.029999999,.13,.050000001,.029999999,.029999999,.0099999998,0,.02,.02,0,.0099999998,.029999999,0,.029999999,.050000001
Switzerland,CHE,10,0,8300777,22.77,21.67,19.290001,18.48,17.07,18.91,14.61,13.52,17.450001,13.43,14.81,19.25,14.89,16.83,14.86,16.09,13.1,15.39,15.07,11.24,11.47,1.25,1.14,.91000003,.82999998,.69,.87,.44999999,.34,.73000002,.34,.47,.91000003,.47999999,.67000002,.47999999,.60000002,.30000001,.52999997,.5,.14,.15000001,,,,,,,,,,,,,,,,,,,,,
Chile,CHL,10,20,17922464,14.67,15.65,13.48,14.05,13.68,12.1,12.15,12.39,12.59,12.5,12.89,13.24,13.18,14.74,14.29,13.68,13.66,14.37,15.96,13.8,13.61,.56999999,.64999998,.47999999,.51999998,.47,.34,.34,.38999999,.38,.37,.40000001,.43000001,.43000001,.54000002,.51999998,.47999999,.47,.51999998,.66000003,.47999999,.46000001,.07,.1,.02,.050000001,.0099999998,0,0,0,0,0,0,0,0,.050000001,.029999999,.02,.0099999998,.029999999,.12,.02,0
China,CHN,10,35,1392259118,46.279999,41.150002,42.759998,39.549999,46.700001,46.450001,45.07,47.779999,52.16,51.16,50,50.119999,53.700001,59.75,50.59,55.25,50.599998,44.849998,45.509998,39.290001,33.849998,3.5599999,3.0599999,3.21,2.9100001,3.5999999,3.5699999,3.4400001,3.71,4.1300001,4.04,3.9200001,3.9300001,4.29,4.8800001,3.98,4.4400001,3.98,3.4200001,3.48,2.8699999,2.3399999,1.33,.99000001,1.04,.81,1.38,1.37,1.29,1.51,1.86,1.83,1.7,1.67,2.03,2.54,1.7,2.1600001,1.72,1.23,1.25,.75999999,.47999999
Côte d'Ivoire,CIV,10,0,26247826,41.48,24.360001,28,26.309999,25.01,22.85,48.560001,35.560001,30.290001,32.639999,26.35,25.4,29.200001,31.34,25.99,29.299999,23.75,29.200001,17.309999,22.209999,22.48,3.0799999,1.41,1.76,1.6,1.47,1.26,3.78,2.51,1.99,2.22,1.6,1.51,1.88,2.0899999,1.5700001,1.89,1.35,1.88,.72000003,1.2,1.22,,,,,,,,,,,,,,,,,,,,,
Cameroon,CMR,10,10,25691736,38.610001,24.76,21.41,24.030001,20.690001,20.389999,27.139999,29.52,24.27,21.1,24.15,18.75,22.940001,21.629999,27.66,19.35,27.209999,23.18,24.139999,23.309999,21.950001,2.8,1.45,1.13,1.38,1.1,1.02,1.6799999,1.91,1.4,1.09,1.4,.92000002,1.27,1.15,1.73,.93000001,1.6900001,1.3,1.39,1.3099999,1.22,2.8,1.45,1.13,1.38,1.1,1.02,1.6799999,1.91,1.4,1.09,1.4,.92000002,1.27,1.15,1.73,.93000001,1.6900001,1.3,1.39,1.3099999,1.22
Democratic Republic of the Congo,COD,10,0,85275105,42.380001,31.07,35.689999,28.16,28.15,26.68,29.66,27.07,22.709999,26.059999,27.049999,28.549999,29.629999,30.17,32.02,33.689999,30.139999,35.41,31.370001,26.280001,27.049999,3.1700001,2.0599999,2.52,1.78,1.78,1.63,1.9299999,1.67,1.25,1.5700001,1.67,1.8200001,1.92,1.98,2.1600001,2.3199999,1.97,2.49,2.0899999,1.6,1.67,,,,,,,,,,,,,,,,,,,,,
Republic of Congo,COG,10,0,5093927,36.830002,28.02,32.57,27.15,29.02,27.23,29.51,27.809999,24.780001,25.870001,29.33,30.02,31.67,30.389999,29.219999,34.790001,31.040001,33.200001,31.280001,26.389999,30.110001,2.6300001,1.77,2.21,1.6799999,1.86,1.6900001,1.91,1.75,1.45,1.5599999,1.89,1.96,2.1199999,2,1.88,2.4300001,2.0599999,2.27,2.0899999,1.61,1.97,,,,,,,,,,,,,,,,,,,,,
Cook Islands,COK,10,0,7512,1.08,1.5700001,.88999999,.0099999998,1.61,1.76,1.71,1.8200001,.88999999,1.15,1.55,.029999999,1.24,.51999998,1.62,1.58,1.5700001,.0099999998,1.58,1.47,1.53,0,0,0,0,0,0,0,0,0,0,0,0,0,0,0,0,0,0,0,0,0,,,,,,,,,,,,,,,,,,,,,
Colombia,COL,10,25,48096614,41.77,33.34,33.77,21.459999,19.969999,24.6,21.09,21.860001,21.73,22.6,22.639999,20.959999,26.07,25.42,22.24,22.92,23.25,21.15,22.83,21.389999,22.860001,3.1099999,2.29,2.3299999,1.13,1,1.4299999,1.1,1.16,1.15,1.24,1.24,1.09,1.58,1.52,1.21,1.27,1.3,1.1,1.26,1.12,1.26,1.78,1.02,1.1,.090000004,.050000001,.30000001,.13,.16,.15000001,.12,.19,.13,.38999999,.41,.17,.17,.22,.059999999,.12,.11,.20999999
Comoros,COM,10,0,773062,3.9400001,2.96,3.7,4,3.6099999,3.8,3.0899999,2.9400001,3.1600001,3.78,3.1099999,3.1400001,3.3599999,3.8800001,3.4200001,3.74,3.25,3.55,3.4100001,3.1099999,3.1600001,0,0,0,0,0,0,0,0,0,0,0,0,0,0,0,0,0,0,0,0,0,,,,,,,,,,,,,,,,,,,,,
Cape Verde,CPV,10,0,568373,2.8699999,5.1199999,3.3800001,5.7199998,2.99,5.3000002,5.5,4.9099998,4.9400001,4.2399998,3.27,2.9200001,2.3,2.8099999,4.6500001,4.3299999,2.28,2.9200001,2.9100001,4.7600002,3.3199999,0,0,0,0,0,0,0,0,0,0,0,0,0,0,0,0,0,0,0,0,0,,,,,,,,,,,,,,,,,,,,,
Costa Rica,CRI,10,0,4987129,10.46,6.27,5.2199998,6.4000001,5.79,5.9299998,5.6799998,6.7399998,5.8800001,7.25,6.77,7.7199998,7.0300002,7.2800002,7.3400002,8.2299995,7.29,7.5599999,7.9299998,7.0599999,5.6599998,.07,0,0,0,0,0,0,0,0,0,0,0,0,0,0,0,0,0,0,0,0,,,,,,,,,,,,,,,,,,,,,
Cuba,CUB,10,0,11096183,7.8499999,6.7399998,6.1199999,8.4099998,7.1799998,5.73,7.2199998,7.23,7.1900001,6.8699999,6.27,5.6100001,6.5700002,6.2800002,6.8099999,7.3000002,7.5700002,5.23,6.6199999,5.3899999,6.4699998,0,0,0,0,0,0,0,0,0,0,0,0,0,0,0,0,0,0,0,0,0,,,,,,,,,,,,,,,,,,,,,
Curaçao,CUW,10,0,150241,3.78,2.52,3.74,4.75,3.1700001,2.72,3.3299999,4.4299998,3.6099999,6.0900002,4.04,3.6199999,4.21,3.8499999,3.8499999,4,4.23,4.23,5.6500001,3.8399999,2.6800001,0,0,0,0,0,0,0,0,0,0,0,0,0,0,0,0,0,0,0,0,0,,,,,,,,,,,,,,,,,,,,,
Christmas Island,CXR,10,0,2205,5.98,6.23,5.8400002,5.5700002,6.5599999,5.0300002,4.9899998,5.3800001,6.1999998,5.5900002,5.9400001,4.3200002,4.75,3.8800001,6.6799998,4.6500001,6.5799999,6.73,5.9099998,4.5999999,5.0599999,0,0,0,0,0,0,0,0,0,0,0,0,0,0,0,0,0,0,0,0,0,,,,,,,,,,,,,,,,,,,,,
Cyprus,CYP,10,25,825409,10.36,9.8100004,9.8299999,10.08,8.6099997,11.2,9.8000002,10.68,11.51,9.7799997,8.8699999,12.92,9.3699999,11.65,10.64,9.79,10.67,11.82,11.11,11.48,9.6599998,.079999998,.050000001,.059999999,.07,.02,.13,.07,.090000004,.16,.059999999,.02,.28999999,.050000001,.16,.090000004,.059999999,.1,.18000001,.12,.15000001,.050000001,0,0,0,0,0,0,0,0,0,0,0,0,0,0,0,0,0,0,0,0,0
Czech Republic,CZE,10,25,10693909,31,24.76,24.309999,22.959999,25.110001,22.16,19.09,23.5,22.5,17.940001,15.03,21.15,23.68,21.549999,18.870001,21.450001,18.889999,19.219999,19.360001,16.200001,14.51,2.0599999,1.45,1.4,1.27,1.48,1.1900001,.88999999,1.3200001,1.23,.77999997,.49000001,1.09,1.34,1.13,.87,1.12,.87,.89999998,.92000002,.61000001,.44,.61000001,.16,.090000004,.059999999,.14,.059999999,.0099999998,.12,.079999998,.0099999998,0,.039999999,.090000004,.039999999,0,.029999999,0,0,.0099999998,0,0
Germany,DEU,10,25,80423726,24.299999,19.74,18.860001,17.610001,19.09,18.549999,15.95,15.43,16.959999,14.51,14.63,16.33,18.719999,17.18,14.9,15.94,14.2,14.28,14.78,13.21,12.42,1.4,.94999999,.87,.75,.88999999,.83999997,.57999998,.52999997,.68000001,.44,.44999999,.62,.85000002,.69999999,.47999999,.57999998,.41,.41999999,.47,.31999999,.23999999,.079999998,0,0,0,0,0,0,0,0,0,0,0,0,0,0,0,0,0,0,0,0
Djibouti,DJI,10,0,883460,14.12,15.64,12.52,9.8599997,13,15.43,9.71,9.4700003,10.73,12.38,17.450001,17.74,13.66,18.280001,14.16,14.18,14.08,19.120001,12.33,13.18,13.27,.40000001,.55000001,.25,.02,.28999999,.52999997,.0099999998,0,.079999998,.23,.73000002,.75999999,.36000001,.81,.41,.41,.40000001,.88999999,.23,.31,.31999999,,,,,,,,,,,,,,,,,,,,,
Dominica,DMA,10,0,74027,3.8599999,2.49,6.1900001,6.5500002,4.2199998,2.3,3.5599999,5.1100001,2.76,8.1499996,3.1800001,2.96,6.2199998,3.51,5.8400002,2.9400001,2.95,5.25,3.6400001,5.1999998,2.9000001,0,0,0,0,0,0,0,0,0,0,0,0,0,0,0,0,0,0,0,0,0,,,,,,,,,,,,,,,,,,,,,
Denmark,DNK,10,25,5751626,19.969999,16.129999,16.049999,11.53,14.45,16.559999,11.62,12.66,14.31,12.51,9.5699997,11.23,13.9,14.2,9.5500002,9.5299997,12.63,9.1499996,9.0900002,10.31,12.15,.98000002,.60000002,.58999997,.16,.44,.63999999,.17,.25999999,.41999999,.25,.02,.13,.38999999,.41,.039999999,.039999999,.25999999,.0099999998,.0099999998,.079999998,.20999999,0,0,0,0,0,0,0,0,0,0,0,0,0,0,0,0,0,0,0,0,0
Dominican Republic,DOM,10,15,10275070,7.0500002,6.54,7.0599999,8.8800001,6.8400002,5.6399999,7.8800001,8.1899996,7.9899998,10.21,6.9200001,5.9899998,8.4200001,7.0100002,9.6800003,8.1999998,8.9300003,6.0300002,6.7399998,8.7600002,7.5100002,0,0,0,.02,0,0,0,.0099999998,.0099999998,.079999998,0,0,.0099999998,0,.059999999,.0099999998,.02,0,0,.029999999,.0099999998,0,0,0,0,0,0,0,0,0,0,0,0,0,0,0,0,0,0,0,0,0
Algeria,DZA,10,0,41659254,8.3599997,7.4699998,7.5300002,9.1499996,10.33,9.5100002,8.3800001,9.1000004,10.78,10.08,8.6199999,6.5599999,4.9899998,8.75,8.4099998,6.8200002,4.1399999,9.7799997,6.4499998,8.8699999,6.4400001,.02,.0099999998,.0099999998,.039999999,.14,.07,.050000001,.050000001,.13,.1,.029999999,0,0,.02,.050000001,.02,0,.059999999,0,.029999999,0,,,,,,,,,,,,,,,,,,,,,
Ecuador,ECU,10,15,16493195,14.03,12.08,11.89,11.79,12.55,11.96,13.17,13.14,12.28,13.71,13.06,13.86,15.51,13.82,14.31,13.85,14.1,14.8,14.88,12.76,12.98,.40000001,.23999999,.22,.20999999,.27000001,.23,.33000001,.31999999,.25,.37,.33000001,.38999999,.54000002,.38,.43000001,.38999999,.41,.47,.47999999,.28999999,.31999999,.079999998,.039999999,.029999999,.059999999,.059999999,.050000001,.090000004,.090000004,.050000001,.090000004,.07,.1,.14,.11,.11,.1,.1,.14,.13,.07,.059999999
Egypt,EGY,10,0,99422588,11.17,12.66,11.07,9.4700003,10.95,17.969999,10.44,9.8299999,12.46,11.71,17.15,14.06,12.94,12.97,12.77,11.22,13.93,9.7600002,14.5,11.42,13.09,.14,.31999999,.17,.0099999998,.15000001,.77999997,.1,.059999999,.23999999,.18000001,.69999999,.43000001,.28999999,.28999999,.34999999,.13,.40000001,.039999999,.44,.19,.31,,,,,,,,,,,,,,,,,,,,,
Eritrea,ERI,10,0,5955442,11.46,11.35,11.61,7.27,10.03,10.14,7.6900001,8.2200003,7.8899999,10.03,10.96,11.2,6.9499998,9.71,10.44,7.79,10.27,10.67,9.5600004,12.56,9.7399998,.17,.15000001,.17,0,.039999999,.050000001,0,0,.0099999998,.039999999,.11,.13,.0099999998,.050000001,.079999998,.0099999998,.079999998,.079999998,.029999999,.25,.029999999,,,,,,,,,,,,,,,,,,,,,
Western Sahara,ESH,10,0,622693,3.4300001,4.6900001,3.3099999,2.05,4.1100001,6.29,5.3800001,4.4400001,2.4200001,4.3699999,3.6600001,4.6799998,3.8900001,4.1900001,3.52,1.87,4.6700001,3.6300001,2.74,3.52,3.1700001,0,0,0,0,0,0,0,0,0,0,0,0,0,0,0,0,0,0,0,0,0,,,,,,,,,,,,,,,,,,,,,
Spain,ESP,10,25,49291765,11.01,9.6000004,11.98,9.1300001,10.26,10.5,9.79,8.3699999,9.3800001,9.4300003,8.9700003,8.9399996,7.5999999,9.9200001,8.6000004,8.7799997,5.79,8.4799995,8.4200001,8.5100002,8.0200005,.20999999,.090000004,.25999999,.07,.12,.13,.090000004,.029999999,.07,.07,.050000001,.07,.029999999,.1,.050000001,.050000001,0,.039999999,.050000001,.029999999,.029999999,0,0,0,0,0,0,0,0,0,0,0,0,0,0,0,0,0,0,0,0,0
Estonia,EST,10,25,1241923,10.77,11.78,9.6000004,8.5600004,10.26,9.0200005,7.5,9.5200005,11.36,7.5599999,8.29,9.0100002,10.85,8.3299999,7.9400001,7.4899998,8.8800001,6.1999998,6.8600001,5.5799999,9.6899996,.079999998,.17,.02,.0099999998,.059999999,.02,0,.029999999,.13,0,.0099999998,.029999999,.11,.0099999998,0,0,0,0,0,0,.039999999,0,0,0,0,0,0,0,0,0,0,0,0,0,0,0,0,0,0,0,0,0
Ethiopia,ETH,10,0,110692894,12.53,11.23,12.07,13.86,13.95,12.67,10.37,10.53,12.19,14.39,14.92,15.9,14.26,18.33,15.85,14.94,16.889999,16.33,15.66,16.59,13.56,.28,.16,.23999999,.41,.38999999,.27000001,.11,.14,.25,.44,.49000001,.57999998,.43000001,.81999999,.57999998,.49000001,.68000001,.62,.56,.64999998,.36000001,,,,,,,,,,,,,,,,,,,,,
Finland,FIN,10,25,5491062,9.4499998,10.2,8.75,7.7399998,7.5599999,7.71,6.96,7.54,9.4200001,5.8400002,6.7800002,7.3699999,7.9099998,7.21,6.73,6.3000002,8.1700001,5.73,6.2800002,5.1700001,7.3299999,.050000001,.090000004,.029999999,0,.0099999998,0,0,.0099999998,.050000001,0,0,0,.0099999998,0,0,0,.0099999998,0,0,0,0,0,0,0,0,0,0,0,0,0,0,0,0,0,0,0,0,0,0,0,0,0
Fiji,FJI,10,0,894389,1.6,1.97,1.49,1.26,1.58,1.9299999,1.8,1.88,1.24,1.5599999,2.23,1.85,1.86,1.91,1.6900001,1.46,1.42,.85000002,2.02,1.99,1.92,0,0,0,0,0,0,0,0,0,0,0,0,0,0,0,0,0,0,0,0,0,,,,,,,,,,,,,,,,,,,,,
Falkland Islands,FLK,10,0,3194,1.79,.74000001,1.3099999,.73000002,1.59,1.26,1.79,1.21,1.14,.92000002,1.91,.64999998,1.03,1.02,2.52,2.0999999,1.3200001,1.35,2.6099999,2.1400001,2.02,0,0,0,0,0,0,0,0,0,0,0,0,0,0,0,0,0,0,0,0,0,,,,,,,,,,,,,,,,,,,,,
France,FRA,10,25,65206249,18.700001,15.8,14.89,14.96,13.18,15.91,12.96,12.55,14.61,13.03,12.09,14.72,13.85,13.4,12.58,13.56,9.8400002,10.85,11.84,10.21,10.06,.85000002,.56999999,.47999999,.49000001,.34,.57999998,.31,.27000001,.47,.31,.25,.47,.41,.36000001,.30000001,.38,.12,.17,.23,.14,.11,.0099999998,0,0,0,0,0,0,0,0,0,0,0,0,0,0,0,0,0,0,0,0
Faroe Islands,FRO,10,0,51018,2.8599999,2.1700001,2.97,3.22,3.55,4.3200002,3.23,2.3599999,3.03,1.71,2.3800001,2.79,.33000001,1.53,1.65,2.02,3.1500001,1.49,1.85,2.5599999,1.87,0,0,0,0,0,0,0,0,0,0,0,0,0,0,0,0,0,0,0,0,0,,,,,,,,,,,,,,,,,,,,,
Micronesia,FSM,10,0,90396,1.9400001,1.09,.92000002,1.23,2.0599999,1.08,1.23,1.61,1.12,1.04,1.5700001,1.45,1.36,.61000001,.56,1.55,1.72,1.85,1.27,.47,1.85,0,0,0,0,0,0,0,0,0,0,0,0,0,0,0,0,0,0,0,0,0,,,,,,,,,,,,,,,,,,,,,
Gabon,GAB,10,0,2120594,27.18,19.879999,23.450001,21.09,21.5,21.700001,20.68,20.83,18.24,18.41,21.6,19.5,22.01,22.440001,19.92,24.68,20.870001,23.27,22.049999,19.450001,20.879999,1.6799999,.97000003,1.3200001,1.09,1.13,1.15,1.05,1.0599999,.81,.81999999,1.14,.93000001,1.1799999,1.22,.97000003,1.4400001,1.0700001,1.3,1.1799999,.93000001,1.0700001,,,,,,,,,,,,,,,,,,,,,
United Kingdom,GBR,10,25,64994554,18.959999,16.6,16.690001,13.07,13.64,18.57,12.65,12.74,12.26,12.12,12.38,12.24,11.45,12.1,10.61,11.34,10.74,8.2200003,11.53,9.9700003,9.9399996,.88,.66000003,.67000002,.33000001,.38,.83999997,.28999999,.30000001,.25999999,.25,.28999999,.25999999,.19,.25999999,.12,.2,.13,.0099999998,.2,.12,.079999998,0,0,0,0,0,0,0,0,0,0,0,0,0,0,0,0,0,0,0,0,0
Georgia,GEO,10,0,4938938,16.07,12.65,11.41,11.13,11.36,9.3100004,7.3000002,11.06,10.99,9.9300003,13.01,10.67,9.2799997,12.01,11.41,12.09,12.37,9.4899998,13.17,11.3,9.1700001,.60000002,.28,.18000001,.16,.18000001,.079999998,.0099999998,.18000001,.18000001,.12,.30000001,.13,.050000001,.23,.19,.23999999,.27000001,.090000004,.33000001,.18000001,.050000001,,,,,,,,,,,,,,,,,,,,,
Guernsey,GGY,10,0,64665,12.98,11.48,11.34,8.9099998,9.0900002,11.51,9.3999996,8.9899998,9.7700005,9.4300003,8.6700001,8.9700003,8.5299997,9,7.46,8.21,7.2600002,5.3600001,8.25,6.5900002,7.5300002,.28999999,.14,.13,0,0,.15000001,0,0,0,0,0,0,0,0,0,0,0,0,0,0,0,,,,,,,,,,,,,,,,,,,,,
Ghana,GHA,10,0,28057219,44.240002,23.469999,27.9,30.85,27.5,24.33,45.029999,37.709999,30.690001,39.48,29.01,26.059999,28.59,32.860001,29.790001,31.059999,27.559999,34.41,21.16,26.32,25.92,3.3599999,1.3200001,1.76,2.04,1.72,1.4,3.4300001,2.72,2.03,2.8900001,1.86,1.5700001,1.8200001,2.24,1.9400001,2.0599999,1.72,2.3900001,1.09,1.6,1.5599999,,,,,,,,,,,,,,,,,,,,,
Gibraltar,GIB,10,0,30045,9.8800001,10.19,10.34,10.08,10.27,10.81,10.2,8.1300001,9.6199999,10.88,9.9700003,7.8099999,7.96,10.45,7.6300001,9.8500004,7.5300002,10.1,7.8299999,10.44,8.3000002,0,.02,.029999999,.0099999998,.029999999,.079999998,.02,0,0,.090000004,.0099999998,0,0,.039999999,0,.0099999998,0,.0099999998,0,.039999999,0,,,,,,,,,,,,,,,,,,,,,
Guinea,GIN,10,0,11843936,26.549999,13.76,18.07,15.68,12.27,15.35,19.389999,23.190001,15.86,19.35,17.58,20.4,17.07,18.209999,15.37,21.040001,15.19,16.969999,11.17,16.690001,15.08,1.62,.38,.79000002,.56,.25999999,.51999998,.92000002,1.29,.57999998,.92000002,.74000001,1.02,.69,.80000001,.52999997,1.08,.50999999,.68000001,.15000001,.66000003,.5,,,,,,,,,,,,,,,,,,,,,
Guadeloupe,GLP,10,25,387788,3.1400001,2.1900001,5.0700002,6.6500001,3.7,2.3900001,3.1300001,3.8900001,3.29,6,3.22,2.6500001,5.4899998,3.23,4.8099999,3.1400001,1.91,3.71,2.6800001,3.99,2.1099999,0,0,0,0,0,0,0,0,0,0,0,0,0,0,0,0,0,0,0,0,0,0,0,0,0,0,0,0,0,0,0,0,0,0,0,0,0,0,0,0,0,0
Gambia,GMB,10,0,2094803,7.5300002,6.7800002,6.1999998,6.4400001,5.29,11.89,7.6300001,7.9899998,6.4699998,5.7399998,7.1199999,9.0500002,7.2600002,6.1300001,7.27,11.19,3.52,6.8800001,4.9299998,10,6.8400002,.0099999998,0,0,0,0,.19,0,.0099999998,0,0,0,.029999999,0,0,0,.12,0,0,0,.039999999,0,,,,,,,,,,,,,,,,,,,,,
Guinea-Bissau,GNB,10,0,1822004,11.08,8.7600002,9.8400002,9.0699997,7.5799999,12.97,10.6,14.39,11.46,9.5299997,9.6400003,13.81,10.15,9.3000002,10.35,15.78,6.8499999,10.56,7.2399998,12.27,8.6999998,.12,0,.029999999,0,0,.28999999,.079999998,.43000001,.15000001,.02,.02,.37,.039999999,.0099999998,.050000001,.56999999,0,.07,0,.22,.0099999998,,,,,,,,,,,,,,,,,,,,,
Equatorial Guinea,GNQ,10,0,781291,38.439999,22.85,23.43,22.59,21.809999,20.51,23.719999,23.549999,16.76,19.48,20.92,18.200001,20.120001,22.219999,19.75,20.07,21.73,23.33,20.370001,21.139999,21.51,2.79,1.26,1.3200001,1.23,1.16,1.03,1.34,1.33,.66000003,.93000001,1.0700001,.80000001,.99000001,1.2,.95999998,.99000001,1.15,1.3099999,1.02,1.09,1.13,,,,,,,,,,,,,,,,,,,,,
Greece,GRC,10,25,10794779,15.81,15.31,15.14,15.81,17.02,15.44,13.81,15.44,12.3,11.44,10.98,13.81,9.5900002,14.52,13.08,12.62,12.52,10.83,10.96,7.8600001,9.7799997,.56999999,.51999998,.50999999,.56999999,.69,.52999997,.38999999,.52999997,.23999999,.19,.15000001,.37,.07,.44999999,.31,.25999999,.25999999,.17,.16,.029999999,.090000004,.0099999998,0,.02,0,0,0,0,0,0,0,0,0,0,0,0,0,0,0,0,0,0
Grenada,GRD,10,0,106393,2.5999999,1.6,2.5999999,4.1900001,2.45,1.53,1.9,1.99,2.1800001,3.6500001,2.95,1.48,2.5699999,2.0699999,3.9100001,2.26,1.86,3.04,2.6300001,4.1500001,3.22,0,0,0,0,0,0,0,0,0,0,0,0,0,0,0,0,0,0,0,0,0,,,,,,,,,,,,,,,,,,,,,
Greenland,GRL,10,0,46902,1.9,1.8200001,1.74,1.67,1.75,1.97,1.97,1.76,1.67,1.5599999,1.9299999,1.42,1.64,1.48,1.8200001,1.74,1.9,1.62,1.54,1.6,1.64,0,0,0,0,0,0,0,0,0,0,0,0,0,0,0,0,0,0,0,0,0,,,,,,,,,,,,,,,,,,,,,
Guatemala,GTM,10,10,16589704,43.689999,19.620001,24.83,16.620001,16.120001,17.879999,12.54,15.61,15.26,16.110001,14.49,17.57,15.94,19.309999,18.35,20.32,16.15,19.52,18.639999,16.209999,15.42,3.3,.94,1.45,.64999998,.60000002,.76999998,.25999999,.55000001,.51999998,.60000002,.44,.74000001,.57999998,.91000003,.81999999,1.01,.60000002,.93000001,.85000002,.61000001,.54000002,3.3,.94,1.45,.64999998,.60000002,.76999998,.25999999,.55000001,.51999998,.60000002,.44,.74000001,.57999998,.91000003,.81999999,1.01,.60000002,.93000001,.85000002,.61000001,.54000002
French Guiana,GUF,10,0,296085,17.32,8.9300003,20.76,14.57,8.5699997,7.23,12.89,11.32,10.16,15.39,8.3299999,8.9099998,5.1599998,6.1399999,10.03,10.25,3.6800001,10.05,3.4300001,6.6999998,7.8699999,.72000003,.039999999,1.05,.44999999,.0099999998,0,.28999999,.14,.050000001,.52999997,0,.0099999998,0,0,.050000001,.050000001,0,.029999999,0,0,.039999999,,,,,,,,,,,,,,,,,,,,,
Guam,GUM,10,12,168147,4.4099998,1.65,3.0799999,5.0700002,6.8800001,3.8699999,.02,4.4299998,3.79,3.0999999,2.97,1.9299999,2.73,2.3,3.6099999,4.6100001,3.4300001,8.04,2.4200001,2.4400001,4.0599999,0,0,0,0,0,0,0,0,0,0,0,0,0,0,0,0,0,0,0,0,0,0,0,0,0,0,0,0,0,0,0,0,0,0,0,0,0,0,0,0,0,0
Guyana,GUY,10,0,719037,16.860001,10.39,9.0699997,10.64,6.6799998,9.8800001,9.9099998,10.27,10.67,16.469999,9.5100002,8.3800001,6.4299998,9.9399996,9.0799999,8.1000004,4,8.1099997,5.21,7.1999998,9.5299997,.69,.1,.090000004,.079999998,0,.029999999,.039999999,.07,.11,.64999998,.02,0,0,.029999999,.02,.0099999998,0,0,0,0,.029999999,,,,,,,,,,,,,,,,,,,,,
Honduras,HND,10,0,9127103,30.280001,12.93,11.66,10.78,11.81,13.47,8.8299999,12.61,10.52,11.68,11.78,12.54,11.27,15.42,12.27,16.469999,12.93,14.77,14.1,10.3,9.1700001,1.99,.31,.20999999,.1,.19,.34999999,.02,.25999999,.11,.18000001,.19,.27000001,.16,.54000002,.23999999,.63999999,.28999999,.47,.41,.07,.029999999,,,,,,,,,,,,,,,,,,,,,
Croatia,HRV,10,25,4272572,21.58,20.209999,20.440001,16.77,21.4,19.68,15.42,19.049999,18.4,14.15,13.67,17.74,16.01,18.57,14.4,15.22,14.28,17.6,13.91,11.97,14.16,1.14,1,1.02,.66000003,1.12,.94999999,.52999997,.88999999,.81999999,.41,.36000001,.75999999,.58999997,.83999997,.43000001,.50999999,.41999999,.74000001,.38,.22,.41,.0099999998,0,.0099999998,0,0,0,0,0,0,0,0,0,0,0,0,0,0,0,0,0,0
Haiti,HTI,10,0,10812126,6.6300001,6.54,6.3699999,7.7600002,6.2600002,6.0300002,7.6199999,8.4200001,8.71,10.43,6.7199998,5.9400001,8.4200001,6.8299999,8.5699997,8.1199999,9.4300003,6.0100002,6.6700001,8,7.2800002,0,0,0,0,0,0,0,.0099999998,.02,.079999998,0,0,.0099999998,0,.02,0,.039999999,0,0,.0099999998,0,,,,,,,,,,,,,,,,,,,,,
Hungary,HUN,10,25,9828139,27.620001,25.4,24.469999,20.559999,24.290001,21.959999,18.389999,21.73,21.42,16.99,14.15,19.610001,20.99,21.530001,16.75,15.29,16.360001,18.51,14.99,14.3,13.71,1.73,1.51,1.42,1.03,1.4,1.17,.81999999,1.15,1.12,.68000001,.41,.94,1.08,1.13,.66000003,.51999998,.62,.82999998,.49000001,.41999999,.36000001,.28,.13,.07,0,.039999999,0,0,0,0,0,0,0,0,0,0,0,0,0,0,0,0
Indonesia,IDN,10,0,262344031,38.5,38.689999,36.439999,35.450001,32.509998,27.540001,30.91,29.42,33.529999,29.120001,29.860001,28.24,32.990002,31.549999,31.860001,29.959999,33.009998,39.099998,44.32,37.389999,30.57,2.8499999,2.8499999,2.6400001,2.54,2.22,1.76,2.0799999,1.95,2.3399999,1.9,1.99,1.8200001,2.3099999,2.1400001,2.1700001,1.99,2.27,2.8699999,3.3900001,2.71,2.04,,,,,,,,,,,,,,,,,,,,,
Isle of Man,IMN,10,0,87533,10.33,8.4200001,8.9899998,6.23,7.54,10.87,6.8299999,6.3400002,6.46,6.77,5.8299999,6.1799998,6.48,5.75,5.8800001,5.5700002,6.1199999,4.9099998,5.52,4.8600001,5.52,.029999999,0,0,0,0,.090000004,0,0,0,0,0,0,0,0,0,0,0,0,0,0,0,,,,,,,,,,,,,,,,,,,,,
India,IND,10,40,1296828658,44.630001,41.990002,48.540001,48.150002,50.560001,50.66,50.27,48.509998,49.25,53.720001,54.990002,59.860001,58.759998,67.260002,69.699997,67.419998,64.620003,60.720001,71.879997,66.129997,63.169998,3.3900001,3.1300001,3.78,3.74,3.97,3.98,3.95,3.77,3.8499999,4.2800002,4.4099998,4.8899999,4.7800002,5.6100001,5.8499999,5.6300001,5.3499999,4.9699998,6.0599999,5.5,5.21,1.1799999,.93000001,1.38,1.3099999,1.55,1.5599999,1.46,1.26,1.3,1.67,1.8200001,2.1800001,2.0599999,2.79,3.03,2.8199999,2.52,2.22,3.22,2.6300001,2.3499999
Iran,IRN,10,10,82900805,11.31,14.43,10.31,9.9399996,12.32,7.54,8.9899998,10.13,10.75,11.7,14.36,12.42,11.61,15.98,16.84,11.99,11.44,10.89,14.36,11.97,12.6,.17,.44,.11,.090000004,.25,.02,.050000001,.1,.14,.2,.43000001,.25,.18000001,.58999997,.67000002,.23,.17,.14,.43000001,.22,.28,.17,.44,.11,.090000004,.25,.02,.050000001,.1,.14,.2,.43000001,.25,.18000001,.58999997,.67000002,.23,.17,.14,.43000001,.22,.28
Iraq,IRQ,10,0,40725518,11.49,11.16,13.18,12.58,14.98,7.6100001,6.9299998,13.22,11.13,11.19,13.09,13.85,12.75,14.13,15.29,11.97,12.23,11.4,15.22,13.21,14.13,.15000001,.15000001,.31999999,.25999999,.49000001,.0099999998,0,.34999999,.19,.16,.31,.40000001,.28,.41999999,.51999998,.2,.23,.17,.50999999,.33000001,.41,,,,,,,,,,,,,,,,,,,,,
Iceland,ISL,10,0,332746,4.0999999,3.5899999,4.73,4.0300002,4.73,4.73,4.3400002,3.9000001,2.95,3.02,4.1999998,4.5,4.5999999,2.78,3.8499999,4.4000001,3.76,3.5799999,3.5999999,4.3299999,4.3600001,0,0,0,0,0,0,0,0,0,0,0,0,0,0,0,0,0,0,0,0,0,,,,,,,,,,,,,,,,,,,,,
Israel,ISR,10,25,8447771,8.9799995,11.52,8.1099997,11.35,9.4700003,12.28,9.1000004,10.14,10.74,11.49,16.41,14.59,10.27,12.69,14.45,11.69,14.66,9.6499996,13.34,12.53,15.67,0,.16,0,.13,.0099999998,.22,.029999999,.039999999,.1,.15000001,.63,.44999999,.050000001,.25999999,.44,.17,.46000001,.0099999998,.33000001,.25,.56,0,0,0,0,0,0,0,0,0,0,0,0,0,0,0,0,0,0,0,0,0
Italy,ITA,10,25,62252323,24.85,23.07,22.66,18.27,21.33,20.889999,16.440001,18.09,16.879999,15.19,15.3,17.610001,13.83,17.67,13.62,14.33,11.88,17.17,14.99,13.03,13.98,1.46,1.28,1.25,.81,1.11,1.0700001,.68000001,.80000001,.69999999,.52999997,.52999997,.75,.51999998,.79000002,.38,.44999999,.38,.70999998,.5,.34999999,.41999999,.5,.37,.38999999,.02,.1,.11,.050000001,.029999999,.039999999,0,0,.0099999998,.0099999998,.02,0,0,0,0,0,0,0
Jamaica,JAM,10,15,2812090,6.6900001,6.2199998,5.6900001,7.54,8.5200005,8.6800003,8.7700005,10.9,11.8,10.46,9.2299995,6.98,10.77,7.5700002,8.4099998,9.2700005,11.05,7.02,7.8600001,8.7700005,8.25,0,0,0,0,0,0,0,.11,.19,.079999998,.02,0,.11,0,0,.0099999998,.12,0,0,0,0,0,0,0,0,0,0,0,0,0,0,0,0,0,0,0,0,0,0,0,0,0
Jersey,JEY,10,0,99097,14.17,12.54,10.89,11.15,9.1700001,11.92,9.1400003,8.1199999,10.19,9.6899996,8.9700003,9.5500002,8.9300003,10.3,7.71,9.2600002,6.8899999,6.0500002,9.1000004,6.3299999,7.1999998,.41,.25,.090000004,.11,0,.19,0,0,.02,0,0,0,0,.029999999,0,0,0,0,0,0,0,,,,,,,,,,,,,,,,,,,,,
Jordan,JOR,10,15,9886365,8.04,7.8400002,6.0599999,9.8000002,9.8999996,11.98,7.1599998,10.39,9.7700005,11.82,17.469999,13.95,10.41,13.35,13.95,11.88,13.45,9.8000002,13.56,11.43,17.68,0,0,0,.02,.029999999,.19,0,.050000001,.02,.18000001,.73000002,.38999999,.050000001,.33000001,.38999999,.18000001,.34,.02,.34999999,.15000001,.75,0,0,0,0,0,0,0,0,0,0,.23999999,.029999999,0,0,.0099999998,0,0,0,0,0,.28
Japan,JPN,10,15,126150970,18.07,15.32,20.629999,19.280001,16.1,17.16,14.57,16.82,17.290001,16.42,17.52,15.84,14.73,15.13,14.25,15.09,14.21,15.19,14.31,15.04,13.69,.79000002,.52999997,1.04,.91000003,.60000002,.69999999,.46000001,.67000002,.72000003,.63999999,.74000001,.56999999,.47,.50999999,.43000001,.50999999,.41999999,.50999999,.43000001,.5,.38,.34,.15000001,.57999998,.44999999,.19,.25999999,.090000004,.23999999,.28,.22,.28999999,.17,.11,.13,.07,.13,.07,.13,.090000004,.12,.050000001
Kazakhstan,KAZ,10,0,18744394,13.43,15.79,14.59,13.67,14.23,14.15,12.78,14.22,15.17,16.32,15.75,14.5,14.93,15.42,16.370001,13.23,14.93,14.05,14.78,14.47,13.97,.44999999,.58999997,.5,.41,.44999999,.44999999,.34,.47999999,.55000001,.66000003,.62,.47999999,.54000002,.56,.63,.38,.52999997,.46000001,.5,.47999999,.46000001,,,,,,,,,,,,,,,,,,,,,
Kenya,KEN,10,35,48375217,12.76,8.7399998,9.0100002,11.33,10.41,8.6099997,6.96,7.2600002,7.3499999,8.6700001,8.6899996,11.02,11.59,13.1,12.88,12.52,11.71,11.48,12.03,8.7200003,9.8800001,.36000001,.1,.1,.19,.1,.039999999,.0099999998,.0099999998,.02,.039999999,.039999999,.15000001,.2,.34,.31999999,.27000001,.2,.19,.23,.059999999,.11,0,0,0,0,0,0,0,0,0,0,0,0,0,0,0,0,0,0,0,0,0
Kyrgyzstan,KGZ,10,0,5742236,22.700001,21.139999,22.540001,19.389999,19.719999,19.5,13.83,20.190001,22.299999,21.280001,23.93,18.82,20.200001,23.1,15.63,22.24,20.25,20.780001,18.16,18.719999,21.58,1.24,1.09,1.23,.92000002,.94999999,.93000001,.41,1,1.21,1.11,1.37,.86000001,1,1.28,.56,1.2,1,1.0599999,.80000001,.85000002,1.14,,,,,,,,,,,,,,,,,,,,,
Cambodia,KHM,10,0,16438965,14.48,11.79,13.29,13.23,15.26,13.66,17.08,16.440001,15.26,16.68,14.99,14.06,16.16,16.76,14.98,19.26,17.15,16.950001,16.530001,15.13,17.58,.44,.18000001,.31999999,.31999999,.51999998,.36000001,.69,.63,.51999998,.64999998,.49000001,.40000001,.60000002,.66000003,.49000001,.91000003,.69999999,.68000001,.63999999,.5,.74000001,,,,,,,,,,,,,,,,,,,,,
Kiribati,KIR,10,0,94566,1.4400001,1.42,1.22,.74000001,.5,.99000001,.55000001,.16,.75999999,1.27,1.35,1.17,1.03,1.4299999,.92000002,1.36,1.02,.81999999,1.3,.85000002,1,0,0,0,0,0,0,0,0,0,0,0,0,0,0,0,0,0,0,0,0,0,,,,,,,,,,,,,,,,,,,,,
Saint Kitts and Nevis,KNA,10,0,53094,2.97,2.5899999,3.4000001,5.4400001,2.96,2.23,2.21,2.6400001,2.77,4.0999999,2.8199999,3.01,4.5999999,2.9000001,3.97,1.66,1.58,2.6900001,2.6099999,4,1.78,0,0,0,0,0,0,0,0,0,0,0,0,0,0,0,0,0,0,0,0,0,,,,,,,,,,,,,,,,,,,,,
South Korea,KOR,10,25,51392730,27.77,24.780001,28.309999,28.790001,25.190001,28.67,22.35,27.129999,26.299999,26.93,28.110001,29.040001,25.23,26.5,22.99,29.27,26.32,26.969999,29.620001,26.17,21.99,1.74,1.45,1.79,1.84,1.49,1.83,1.21,1.6799999,1.6,1.66,1.77,1.87,1.49,1.62,1.27,1.89,1.6,1.66,1.92,1.58,1.17,.31,.13,.37,.41,.12,.38999999,.02,.28,.2,.25,.31999999,.41999999,.13,.20999999,.039999999,.44999999,.18000001,.28,.49000001,.2,.0099999998
Kuwait,KWT,10,15,2910767,11.91,19.379999,19.389999,11.87,16.24,6.8600001,7.6599998,23.440001,14.34,17.57,15.43,8.8999996,11.43,10.78,20.33,14.39,12.29,15.63,14.68,9.7600002,12.83,.19,.92000002,.92000002,.18000001,.61000001,0,0,1.3200001,.43000001,.74000001,.52999997,0,.14,.079999998,1.01,.43000001,.22,.55000001,.46000001,.0099999998,.28,0,.43000001,.43000001,0,.12,0,0,.82999998,.0099999998,.25,.059999999,0,0,0,.51999998,0,0,.07,.02,0,0
Laos,LAO,10,0,7254440,27.690001,20.5,21.299999,21.620001,23.459999,18.440001,24.639999,23.25,21.35,26.85,20.389999,22.82,25.209999,23.93,23.639999,26.790001,25.040001,22.82,28.309999,20.99,20.67,1.73,1.03,1.11,1.14,1.3200001,.82999998,1.4400001,1.3,1.11,1.65,1.02,1.26,1.49,1.36,1.34,1.65,1.47,1.26,1.79,1.08,1.05,,,,,,,,,,,,,,,,,,,,,
Lebanon,LBN,10,0,6261782,8.0500002,10.1,7.21,10.06,9.3400002,10.91,7.25,9.2200003,9.2299995,12.26,12.95,14.15,9.9700003,12.81,14.22,11.41,13.11,9.2799997,12.47,11.47,15.77,0,.050000001,0,.050000001,.02,.1,0,.02,.02,.22,.28999999,.41,.039999999,.28,.41,.14,.30000001,.0099999998,.23999999,.14,.56999999,,,,,,,,,,,,,,,,,,,,,
Liberia,LBR,10,0,4799422,42.93,24.67,27.16,20.83,21.5,19.67,39.779999,32.75,26.790001,27.15,22.92,27.75,25.27,28.24,20.57,27.49,23.370001,23.02,13.9,20.4,18.450001,3.23,1.4400001,1.6799999,1.0599999,1.13,.94999999,2.9200001,2.23,1.65,1.6799999,1.27,1.74,1.5,1.79,1.04,1.71,1.3099999,1.28,.38,1.02,.82999998,,,,,,,,,,,,,,,,,,,,,
Libya,LBY,10,0,6754716,8.6099997,8.3599997,5.1799998,10.29,13,8.0699997,5.3600001,7.71,9.96,6.8400002,8.7299995,10.54,6.6500001,4.48,7.5999999,7.1599998,3.6500001,4.6599998,7.4200001,9.29,9.5200005,.039999999,.090000004,0,.11,.34999999,.029999999,0,.0099999998,.079999998,0,.14,.27000001,0,0,0,.02,0,0,.0099999998,.050000001,.090000004,,,,,,,,,,,,,,,,,,,,,
Saint Lucia,LCA,10,0,165510,3.1199999,3.1300001,6.46,6.1100001,4.1399999,4.3000002,4.27,3.1199999,3.54,6.27,2.1900001,1.66,5.0300002,3.28,5.5,2.0699999,2.6099999,4.0599999,3.6300001,5.4499998,4.77,0,0,0,0,0,0,0,0,0,0,0,0,0,0,0,0,0,0,0,0,0,,,,,,,,,,,,,,,,,,,,,
Liechtenstein,LIE,10,0,38102,18.469999,16.68,16.67,17.959999,18.23,16.98,13.83,12.64,15.95,11.77,13.44,18.59,13.07,16.040001,13.93,14.26,13,14.82,14.71,10.32,10.33,.82999998,.64999998,.64999998,.77999997,.81,.68000001,.38,.25999999,.57999998,.17,.34,.83999997,.30000001,.58999997,.38999999,.41999999,.28999999,.47,.46000001,.050000001,.039999999,,,,,,,,,,,,,,,,,,,,,
Sri Lanka,LKA,10,25,22576592,13.88,13.53,17.16,15.11,13.66,15.7,15.74,17.4,15.21,17.84,16.809999,19.129999,18.74,19.85,18.879999,19.610001,20.26,15.15,17.530001,18.99,20.700001,.38,.34999999,.69999999,.5,.36000001,.56,.56,.73000002,.50999999,.76999998,.67000002,.88999999,.86000001,.97000003,.87,.94,1.01,.50999999,.74000001,.88,1.05,0,0,0,0,0,0,0,0,0,0,0,0,0,0,0,0,0,0,0,0,.02
Lesotho,LSO,10,0,1961770,9.5900002,8.96,8.6300001,9.3800001,9.3999996,7.9099998,6.8099999,7.1300001,7.6300001,7.4400001,5.8299999,10.28,10.04,10.14,9.9799995,9.25,10.49,10.1,9.5100002,8.3199997,7.4899998,.029999999,.0099999998,0,0,.0099999998,0,0,0,0,0,0,.059999999,.050000001,.050000001,.039999999,.0099999998,.07,.039999999,.0099999998,0,0,,,,,,,,,,,,,,,,,,,,,
Lithuania,LTU,10,25,2791680,19.889999,20.09,16.68,13.95,17.99,16.82,12.59,16.33,18.98,15.2,13.7,16.040001,19.1,14.49,14.96,13.74,14.28,12.67,12.93,11.45,12.83,.97000003,.99000001,.64999998,.38999999,.77999997,.67000002,.25999999,.62,.88,.50999999,.36000001,.58999997,.88999999,.44,.49000001,.37,.41999999,.27000001,.28999999,.15000001,.28,0,0,0,0,0,0,0,0,0,0,0,0,0,0,0,0,0,0,0,0,0
Luxembourg,LUX,10,25,603507,24.299999,18.860001,15.81,15.52,14.92,17.139999,14.68,13.79,15.64,13.19,13.75,14.75,16.379999,15.1,14.26,16.65,12.62,12.83,13.41,11.64,10,1.4,.87,.56999999,.54000002,.47999999,.69999999,.46000001,.37,.55000001,.31,.37,.47,.63,.5,.41999999,.64999998,.25999999,.28,.33000001,.16,.029999999,.0099999998,0,0,0,0,0,0,0,0,0,0,0,0,0,0,0,0,0,0,0,0
Latvia,LVA,10,25,1922378,15.05,17.17,13.41,11.06,14.66,13.82,10.11,13.45,16.01,11.28,11.26,13.41,16.4,12.15,11.64,10.83,12.11,9.9499998,9.6899996,8.6499996,12.13,.49000001,.69999999,.33000001,.11,.46000001,.37,.050000001,.34,.58999997,.13,.13,.33000001,.63,.20999999,.18000001,.090000004,.20999999,.039999999,.029999999,.0099999998,.20999999,0,0,0,0,0,0,0,0,0,0,0,0,0,0,0,0,0,0,0,0,0
Saint-Martin,MAF,10,0,32763,3.1800001,2.4000001,4.54,5.98,3.21,3.5999999,2.6700001,2.99,2.99,4.4499998,3.4300001,3.3,4.75,3.5799999,4.3000002,3.2,3.01,2.5799999,3.6600001,4.4099998,2.8199999,0,0,0,0,0,0,0,0,0,0,0,0,0,0,0,0,0,0,0,0,0,,,,,,,,,,,,,,,,,,,,,
Morocco,MAR,10,0,34357234,9.3999996,6.4699998,6.77,6.2600002,7.23,9.4099998,7.7800002,8.2799997,9.4799995,9.3299999,9.1300001,6.04,5.3499999,7.7600002,6.5900002,6.1999998,7.7399998,10.82,7.1100001,9.3299999,4.0500002,.039999999,0,0,0,.0099999998,.050000001,.0099999998,.029999999,.059999999,.050000001,.1,0,0,.0099999998,.0099999998,0,.0099999998,.18000001,0,.16,0,,,,,,,,,,,,,,,,,,,,,
Monaco,MCO,10,0,15544,16.200001,11.84,13.47,12.62,13.96,14.72,11.86,11.29,10.63,10.88,10.63,12.34,10.67,12.21,9.9399996,9.0699997,9.21,11.43,10.09,8.4099998,9.7600002,.61000001,.18000001,.34,.25999999,.38999999,.46000001,.18000001,.13,.059999999,.090000004,.059999999,.23,.07,.22,0,0,0,.14,.0099999998,0,0,,,,,,,,,,,,,,,,,,,,,
Moldova,MDA,10,0,3439401,19.540001,19.549999,17.360001,15.92,20.049999,13.17,13.92,14.91,17.42,13.33,12.27,15.46,14.07,16.559999,14.72,11.43,11.52,14.28,14.7,10.2,11.47,.94,.94,.72000003,.57999998,.99000001,.31,.38,.47999999,.73000002,.33000001,.22,.52999997,.40000001,.63999999,.46000001,.14,.16,.41999999,.46000001,.059999999,.15000001,,,,,,,,,,,,,,,,,,,,,
Madagascar,MDG,10,0,25677516,4.0500002,3.3699999,3.6800001,6.0799999,4.04,3.8800001,3.21,3.77,3.6600001,3.77,3.5799999,5.0300002,4.9099998,5.8499999,4.98,5.4099998,5.1599998,5.8699999,5.2399998,4.1199999,3.98,0,0,0,0,0,0,0,0,0,0,0,0,0,0,0,0,0,0,0,0,0,,,,,,,,,,,,,,,,,,,,,
Mexico,MEX,10,15,125826903,33.880001,24.889999,30.24,15.71,15.37,16.59,12.81,13.81,12.98,13.42,12.97,15.39,12.83,15.61,14.91,15.41,13.16,13.38,13.79,12.57,11,2.3599999,1.48,2.01,.58999997,.56,.70999998,.37,.44999999,.38,.41,.37,.57999998,.38,.58999997,.52999997,.57999998,.38999999,.40000001,.44,.34999999,.23,1.96,1.11,1.62,.27000001,.25,.41,.15000001,.2,.16,.17,.14,.28,.19,.28999999,.25999999,.27000001,.17,.14,.18000001,.14,.07
Marshall Islands,MHL,10,0,2308,1.75,1.39,.94999999,.67000002,1,0,.56,1.15,.63,.88999999,.87,1.0599999,1.76,.57999998,.85000002,.56,.87,.28,1.42,.81999999,.5,0,0,0,0,0,0,0,0,0,0,0,0,0,0,0,0,0,0,0,0,0,,,,,,,,,,,,,,,,,,,,,
Macedonia,MKD,10,0,2110991,26.73,23.24,28.41,21.85,23.969999,21.68,20.43,21.92,18.4,17.49,16.870001,18.959999,13.62,25.99,21.83,19.049999,20.059999,20.469999,17.76,11.42,13.53,1.64,1.3,1.8,1.16,1.37,1.14,1.02,1.17,.81999999,.73000002,.67000002,.88,.37,1.5700001,1.16,.88999999,.99000001,1.03,.75999999,.22,.38,,,,,,,,,,,,,,,,,,,,,
Mali,MLI,10,0,18412705,13.57,6.5500002,6.4299998,7.48,5.4099998,8.7700005,9.3599997,10.86,5.8800001,9.3400002,10.3,9.3299999,9.46,9.2200003,9.1899996,7.8600001,6.6199999,9.3999996,6.5,8.8500004,8.5,.43000001,.0099999998,.0099999998,.039999999,0,.02,.11,.18000001,0,.090000004,.1,.059999999,.079999998,.059999999,.039999999,.039999999,0,.059999999,0,.050000001,.050000001,,,,,,,,,,,,,,,,,,,,,
Malta,MLT,10,0,449043,10.23,10.13,6.54,11.4,12.28,11.03,6.1300001,7.9699998,6.9899998,9.3599997,9.4899998,9.6700001,4.5799999,4.9000001,8.1999998,8.6899996,3.5799999,10.6,10.73,6.77,7.8400002,.02,.02,0,.14,.22,.1,0,0,0,0,0,0,0,0,0,0,0,.059999999,.07,0,0,,,,,,,,,,,,,,,,,,,,,
Myanmar,MMR,10,0,54699197,14.79,13.92,14.13,15.37,16.940001,15.37,18.34,17.309999,17.4,19.48,17.08,21.15,18.68,17.780001,21.15,21.73,21.219999,19.33,19.66,18.129999,19.92,.47,.38,.41,.52999997,.68000001,.52999997,.81999999,.72000003,.73000002,.93000001,.69,1.09,.85000002,.75999999,1.09,1.15,1.1,.91000003,.94999999,.80000001,.97000003,,,,,,,,,,,,,,,,,,,,,
Montenegro,MNE,10,20,601656,17.360001,16.299999,20.709999,15.09,17.459999,17.57,13.52,15.49,13.61,13.76,12.69,14.88,12.03,18.32,16.440001,14.01,13.51,16.27,11.39,8.1899996,10.56,.72000003,.62,1.05,.5,.73000002,.74000001,.34,.54000002,.34999999,.37,.25999999,.47999999,.20999999,.81999999,.63,.38999999,.34,.61000001,.16,.0099999998,.079999998,0,0,.12,0,.02,.029999999,0,0,0,0,0,0,0,.039999999,0,0,0,0,0,0,0
Mongolia,MNG,10,25,3104494,11.72,11.99,10.52,9.7299995,12.45,13.39,5.2199998,8.1899996,8.5,10.38,10.44,9.5200005,10.02,11.88,10.38,10.88,11.11,12.08,12.73,10.69,8.9499998,.30000001,.34999999,.23999999,.23999999,.33000001,.47999999,.0099999998,.16,.16,.27000001,.25999999,.20999999,.28,.34999999,.22,.31999999,.33000001,.38,.43000001,.31,.22,0,0,0,0,0,0,0,0,0,0,0,0,0,0,0,0,0,0,0,0,0
Northern Mariana Islands,MNP,10,0,51994,4.5999999,2.8199999,4.0999999,3.6199999,6.7800002,5.3899999,3.1500001,4.7399998,3.1400001,3.5,3.97,4.1100001,3.1700001,3.4400001,3.8099999,4.1599998,3.4100001,6.6599998,3.6400001,2.5699999,4.1799998,0,0,0,0,0,0,0,0,0,0,0,0,0,0,0,0,0,0,0,0,0,,,,,,,,,,,,,,,,,,,,,
Mozambique,MOZ,10,0,27242484,10.44,8.9700003,9.0100002,10.82,8.7600002,7.5900002,7.6199999,8.1800003,7.8099999,9.0200005,9.0500002,9.0600004,9.3500004,9.6800003,9.4799995,9.7399998,9.5600004,10.07,9.0299997,7.9000001,7.52,.17,.079999998,.079999998,.16,.050000001,.02,.02,.039999999,.029999999,.079999998,.090000004,.07,.07,.1,.090000004,.079999998,.079999998,.1,.059999999,.029999999,.02,,,,,,,,,,,,,,,,,,,,,
Mauritania,MRT,10,0,3893953,4.9400001,4.4000001,3.1099999,3.5799999,2.1800001,6.6500001,5.21,3.98,3.49,3.48,3.4000001,3.9200001,4.4499998,3.74,4.8099999,3.3199999,2.23,2.8900001,3.8599999,3.79,4.3000002,0,0,0,0,0,0,0,0,0,0,0,0,0,0,0,0,0,0,0,0,0,,,,,,,,,,,,,,,,,,,,,
Martinique,MTQ,10,25,371250,4.27,2.97,7.1599998,6.8400002,4.4000001,3.1800001,4.1100001,4.5900002,3.6500001,7.9200001,3.75,2.52,6.02,2.9000001,5.9000001,3.7,3.6400001,5.3299999,4.1100001,5.8299999,3.9200001,0,0,0,0,0,0,0,0,0,0,0,0,0,0,0,0,0,0,0,0,0,0,0,0,0,0,0,0,0,0,0,0,0,0,0,0,0,0,0,0,0,0
Mauritius,MUS,10,0,1354812,1.96,2.1199999,1.67,1.35,1.66,1.8,2.04,2.47,1.5700001,1.8,1.63,2.1300001,1.6900001,2.21,1.49,2.27,1.4400001,1.8099999,1.76,2.0799999,2.26,0,0,0,0,0,0,0,0,0,0,0,0,0,0,0,0,0,0,0,0,0,,,,,,,,,,,,,,,,,,,,,
Malawi,MWI,10,8,19783976,11.13,9.8900003,10.31,13.27,10.97,9.5,9.4899998,9.8299999,9.3800001,12.3,10.91,12.27,11.44,13.41,13.48,12.34,12.8,12.85,11.61,9.0500002,8.3800001,.14,.039999999,.059999999,.31999999,.1,.02,.0099999998,.02,.02,.23,.1,.22,.14,.33000001,.34,.23,.27000001,.28,.16,.0099999998,0,.31,.19,.23,.51999998,.28999999,.15000001,.15000001,.18000001,.14,.41999999,.28999999,.41999999,.34,.52999997,.54000002,.43000001,.47,.47999999,.34999999,.1,.050000001
Malaysia,MYS,10,35,31817085,23.809999,25.940001,26.65,23.99,25.75,21.65,25.25,25.1,35.41,24.33,22,26.200001,19.91,26.49,26.459999,26.16,27.969999,32.830002,23.559999,29.08,26.809999,1.38,1.59,1.66,1.39,1.54,1.16,1.5,1.49,2.49,1.42,1.2,1.59,1,1.63,1.62,1.6,1.77,2.24,1.33,1.89,1.65,.16,.31,.34,.28,.19,.059999999,.050000001,.090000004,.63999999,.090000004,.059999999,.090000004,.02,.14,.13,.16,.14,.43000001,.07,.28999999,.079999998
Mayotte,MYT,10,25,243737,4.4699998,3.45,4.0100002,4.6799998,3.8099999,4.04,2.99,3.28,3.53,3.6700001,3.47,4.02,3.6900001,4.3800001,3.24,4.5799999,3.5999999,4.29,3.74,3.4000001,3.5899999,0,0,0,0,0,0,0,0,0,0,0,0,0,0,0,0,0,0,0,0,0,0,0,0,0,0,0,0,0,0,0,0,0,0,0,0,0,0,0,0,0,0
Namibia,NAM,10,0,2531577,10.06,8.3999996,8.6700001,9.7799997,9.6099997,9.0699997,7.5999999,8.5500002,7.1199999,9.0100002,9.0100002,10.58,10.71,11.41,10.9,9.6000004,8.8599997,10.54,9.8100004,8.8100004,8.9099998,.13,.039999999,.1,.11,.11,.02,0,.029999999,0,.039999999,.07,.12,.14,.2,.17,.14,.050000001,.16,.1,.029999999,.059999999,,,,,,,,,,,,,,,,,,,,,
New Caledonia,NCL,10,25,281673,2.8599999,2.29,2.6800001,2.8599999,2.3800001,2.1500001,2.51,2.49,2.47,2.25,2.27,2.21,2.26,2.8800001,2.6099999,1.9,2.4100001,2.3800001,3.01,2.5699999,2.5899999,0,0,0,0,0,0,0,0,0,0,0,0,0,0,0,0,0,0,0,0,0,0,0,0,0,0,0,0,0,0,0,0,0,0,0,0,0,0,0,0,0,0
Niger,NER,10,0,19890471,10.56,6.0799999,5.8899999,8.4499998,5.5100002,9.6300001,14.68,15.2,7.4200001,13.38,8.0900002,6.4899998,6.79,12.21,18.83,8.6499996,12.02,11.73,7.9400001,11.03,5.5700002,.11,0,0,.039999999,0,.090000004,.49000001,.51999998,.0099999998,.37,.02,0,0,.25,.87,.039999999,.28,.23999999,.029999999,.17,0,,,,,,,,,,,,,,,,,,,,,
Norfolk Island,NFK,10,0,1748,1.24,1.5,1.66,1.25,1.17,1.74,1.72,1.71,1.29,1.73,1.47,1.91,1.22,1.48,1.28,1.35,1.7,.97000003,2.0599999,1.58,.63,0,0,0,0,0,0,0,0,0,0,0,0,0,0,0,0,0,0,0,0,0,,,,,,,,,,,,,,,,,,,,,
Nigeria,NGA,10,0,203157322,42.110001,24.26,21.98,33.830002,24.790001,27.23,41.220001,46.57,28.030001,39.959999,31.879999,27.200001,32.119999,32.389999,37.580002,28.17,36.619999,36.009998,28.76,32.880001,25.17,3.1500001,1.4299999,1.2,2.3399999,1.5,1.6900001,3.0599999,3.5799999,1.77,2.9400001,2.1600001,1.72,2.1800001,2.2,2.7,1.79,2.6099999,2.55,1.85,2.25,1.55,,,,,,,,,,,,,,,,,,,,,
Nicaragua,NIC,10,0,6070258,21.799999,8.5,6.1700001,8.3999996,8.4399996,8.8699999,6.46,10.18,6.77,9.1599998,7.8899999,8.4099998,8.9799995,9.75,8.5200005,11.8,8.8100004,9.0200005,10.05,7.8899999,6.7199998,1.16,.0099999998,0,0,0,.029999999,0,.07,0,.02,0,.0099999998,.02,.07,.0099999998,.19,.02,.029999999,.059999999,0,0,,,,,,,,,,,,,,,,,,,,,
Niue,NIU,10,0,1618,1.0599999,1.27,1.65,.56,1.8200001,.99000001,.75999999,1.84,1.7,1.73,1.85,1.62,.60000002,1.46,0,.81999999,.18000001,0,1.95,1.73,1.11,0,0,0,0,0,0,0,0,0,0,0,0,0,0,0,0,0,0,0,0,0,,,,,,,,,,,,,,,,,,,,,
Netherlands,NLD,10,25,17130846,27.690001,19.280001,21.33,18.200001,19.18,21.469999,19.57,16.76,18.43,16.200001,16.059999,17.09,18.98,18.08,16.459999,14.41,14.48,14.52,14.75,15.49,12.82,1.73,.91000003,1.11,.80000001,.89999998,1.12,.94,.66000003,.82999998,.61000001,.58999997,.69,.88,.79000002,.63,.43000001,.44,.44,.47,.54000002,.28,.30000001,0,0,0,0,0,0,0,0,0,0,0,0,0,0,0,0,0,0,0,0
Norway,NOR,10,15,5193491,10.08,9.5799999,9.3400002,7.3299999,7.79,8.2600002,6.3800001,5.71,8.0100002,5.4000001,5.27,6.9000001,5.54,7.21,5.0999999,5.25,6.6199999,5.1700001,5.3600001,5.02,5.7800002,.18000001,.15000001,.11,.029999999,.029999999,.039999999,.0099999998,0,.050000001,0,0,.02,.0099999998,.02,0,0,.0099999998,0,0,0,0,.029999999,.029999999,.0099999998,0,0,0,0,0,0,0,0,0,0,0,0,0,0,0,0,0,0
Nepal,NPL,10,0,29718654,34.27,35.77,41.02,51.099998,51.540001,46.48,46.400002,42.84,46.950001,51.189999,50.560001,60.130001,54.66,57.029999,63.650002,57.48,58.41,55.889999,62.48,57.130001,57.919998,2.3800001,2.53,3.04,4.0300002,4.0700002,3.5699999,3.5699999,3.22,3.6199999,4.04,3.97,4.9099998,4.3800001,4.6100001,5.2600002,4.6500001,4.7399998,4.5,5.1399999,4.6199999,4.6999998,,,,,,,,,,,,,,,,,,,,,
Nauru,NRU,10,0,9089,1.42,1.3,.93000001,.91000003,.94,.93000001,1.09,1.46,.56999999,1.09,1.3,1.13,1.3200001,1.33,.55000001,1.27,.89999998,1.0599999,1.27,1.13,.44999999,0,0,0,0,0,0,0,0,0,0,0,0,0,0,0,0,0,0,0,0,0,,,,,,,,,,,,,,,,,,,,,
New Zealand,NZL,10,0,4545457,3.5999999,4.1199999,4.1399999,3.9000001,3.5999999,3.55,3.24,3.46,3.5999999,3.45,3.01,3.22,3.5799999,3.8099999,3.4200001,3.8699999,3.54,3.1800001,4.0300002,3.74,3.8399999,0,0,0,0,0,0,0,0,0,0,0,0,0,0,0,0,0,0,0,0,0,,,,,,,,,,,,,,,,,,,,,
Oman,OMN,10,0,4613070,9.3100004,8.4099998,12.37,8.5299997,8.7700005,8.8100004,8.1400003,8.8900003,9.6499996,7.98,14.81,14.78,13.57,15.23,14.46,11.79,13.11,13.75,14.57,9.0900002,13.52,.02,.0099999998,.23999999,.0099999998,.029999999,.050000001,0,.029999999,.039999999,.0099999998,.47,.47,.34999999,.50999999,.44,.18000001,.30000001,.37,.44999999,.02,.34,,,,,,,,,,,,,,,,,,,,,
Pakistan,PAK,10,15,207690096,31.08,26.93,30.83,28.24,29.43,30.42,30.870001,29.32,35.630001,33.23,29.040001,35.66,35.830002,39.799999,37.200001,37.810001,36.060001,35,43.439999,41.040001,37.860001,2.0699999,1.66,2.04,1.79,1.9,2,2.05,1.9,2.51,2.28,1.87,2.51,2.53,2.9200001,2.6700001,2.73,2.55,2.45,3.28,3.04,2.73,1.58,1.1799999,1.5599999,1.3,1.42,1.52,1.5700001,1.42,2.02,1.79,1.39,2.03,2.04,2.4300001,2.1800001,2.24,2.0699999,1.97,2.79,2.5599999,2.24
Panama,PAN,10,0,3794920,12.78,10.06,9.21,8.8299999,6.5999999,10.84,9.1899996,11.35,9.2200003,10.79,11.77,8.3800001,10.62,7.8000002,6.7600002,9.2399998,9.4499998,9.9300003,9.8599997,9.2399998,8.8400002,.30000001,.11,.050000001,.02,0,.17,.050000001,.20999999,.050000001,.15000001,.25,0,.15000001,0,0,.029999999,.039999999,.059999999,.07,.039999999,.029999999,,,,,,,,,,,,,,,,,,,,,
Peru,PER,10,15,31331776,39.060001,38.279999,37.889999,38.799999,38.619999,37.560001,36.27,34.5,33.369999,34.349998,33.349998,35.889999,36.419998,35.650002,35.990002,35.400002,35.610001,36.220001,35.889999,35.759998,35.310001,2.9200001,2.8699999,2.8399999,2.8800001,2.8699999,2.8299999,2.7,2.49,2.4200001,2.47,2.4200001,2.5899999,2.6300001,2.5699999,2.5899999,2.55,2.5699999,2.6099999,2.5899999,2.5799999,2.55,2.5999999,2.5799999,2.5599999,2.5899999,2.5799999,2.54,2.4200001,2.2,2.1400001,2.1800001,2.1500001,2.3,2.3099999,2.28,2.3,2.26,2.28,2.3099999,2.29,2.29,2.27
Philippines,PHL,10,25,105752856,19.91,17.85,18.09,11.71,12.82,14.38,16.09,16.16,16.18,15.43,14.76,13.72,12.06,12.11,11.92,12.04,11.96,11.98,11.52,11.4,11.81,1.16,.98000002,.99000001,.33000001,.34,.56999999,.64999998,.75999999,.72000003,.69,.68000001,.47,.44999999,.41999999,.37,.37,.33000001,.30000001,.31999999,.31999999,.34999999,.54000002,.38999999,.38,0,0,.11,.11,.22,.16,.18000001,.2,0,.050000001,.02,0,0,0,0,0,0,0
Palau,PLW,10,0,21368,1.41,.75,1.41,1.8099999,5.25,3.24,3.3900001,2.52,3.1500001,1.8200001,1.63,3.54,1.48,1.9,2.74,2.1900001,2.55,5.4899998,1.5,1.91,3.03,0,0,0,0,0,0,0,0,0,0,0,0,0,0,0,0,0,0,0,0,0,,,,,,,,,,,,,,,,,,,,,
Papua New Guinea,PNG,10,0,6944292,4.8099999,5.1599998,6.4000001,4.8099999,5.1399999,5,5.4499998,4.6799998,5.2800002,5.3800001,6,5.48,6.6700001,5.8299999,5.6599998,5.75,5.5700002,6.1199999,6.23,5.5799999,5.3699999,0,.0099999998,.039999999,0,0,0,.0099999998,0,0,.0099999998,.0099999998,.0099999998,.02,.0099999998,.0099999998,.0099999998,.0099999998,.0099999998,.0099999998,.0099999998,0,,,,,,,,,,,,,,,,,,,,,
Poland,POL,10,25,38395873,31.950001,28.459999,28.040001,23.799999,29.9,25.73,22.34,25.99,27.870001,23.76,19.969999,24.549999,29.549999,24.9,21.469999,22.01,22.01,20.719999,22.129999,20.91,18.219999,2.1500001,1.8099999,1.77,1.35,1.95,1.54,1.21,1.5700001,1.75,1.35,.98000002,1.4299999,1.92,1.46,1.12,1.1799999,1.1799999,1.05,1.1900001,1.0700001,.81,.69999999,.40000001,.36000001,.14,.51999998,.2,.050000001,.25,.37,.12,0,.15000001,.49000001,.17,.029999999,.050000001,.02,.02,.059999999,.0099999998,0
Puerto Rico,PRI,10,15,3292876,3.97,3.3399999,5.1900001,4.6999998,3.5699999,2.4000001,2.9200001,3.75,4.0300002,4.0900002,3.22,3.5,4.96,3.4200001,4.4499998,3.5799999,3.95,2.76,3.2,4.71,2.3299999,0,0,0,0,0,0,0,0,0,0,0,0,0,0,0,0,0,0,0,0,0,0,0,0,0,0,0,0,0,0,0,0,0,0,0,0,0,0,0,0,0,0
North Korea,PRK,10,0,25403056,21.639999,19.309999,21.059999,25.209999,20.719999,25.93,22.26,23.16,23.889999,23.040001,24.690001,25.34,20.540001,26.049999,21.93,26.549999,23.440001,26.68,24.950001,23.540001,21.139999,1.14,.91000003,1.08,1.49,1.05,1.5599999,1.2,1.29,1.36,1.28,1.4400001,1.5,1.03,1.5700001,1.17,1.62,1.3200001,1.63,1.46,1.33,1.09,,,,,,,,,,,,,,,,,,,,,
Portugal,PRT,10,25,10350268,12.44,10.74,10.62,4.98,9.1599998,9.6400003,8.1499996,8.1400003,8.4300003,9.4099998,8,7.2800002,6.6900001,9.0900002,6.8299999,7.4099998,6.8800001,7.5500002,7.4099998,8.1000004,7.3899999,.28,.12,.12,0,.029999999,.059999999,0,.02,0,.02,0,0,0,.0099999998,0,0,0,0,0,0,0,0,0,0,0,0,0,0,0,0,0,0,0,0,0,0,0,0,0,0,0,0
Paraguay,PRY,10,15,7017194,7.8899999,10.82,7.1300001,8.5299997,11.04,9.6700001,8.96,8.79,7.96,12.06,7.1999998,7.5599999,8.1300001,7.9400001,8.1400003,6.9000001,7.2399998,9.8500004,8.4099998,7.8800001,7.6599998,.0099999998,.12,0,.02,.15000001,.039999999,.02,.02,.0099999998,.22,0,.0099999998,.0099999998,.0099999998,.0099999998,0,0,.050000001,.02,.0099999998,.0099999998,0,0,0,0,0,0,0,0,0,0,0,0,0,0,0,0,0,0,0,0,0
French Polynesia,PYF,10,0,279664,.66000003,1.84,1.91,1.91,2.02,1.9400001,2.1300001,2.22,2.01,1.12,1.92,1.74,1.04,1.9,1.52,1.83,1.76,1.96,1.8,1.75,1.53,0,0,0,0,0,0,0,0,0,0,0,0,0,0,0,0,0,0,0,0,0,,,,,,,,,,,,,,,,,,,,,
Qatar,QAT,10,0,2330787,16.389999,10.34,20.049999,11.42,14.29,10.16,15.83,22.860001,22.6,18.6,25.83,12.25,19.360001,17.690001,27.790001,19.549999,17.43,21.530001,21.01,14.73,17.629999,.63,.059999999,.98000002,.14,.41999999,.039999999,.56999999,1.26,1.23,.83999997,1.55,.22,.92000002,.75,1.74,.94,.73000002,1.13,1.08,.46000001,.75,,,,,,,,,,,,,,,,,,,,,
Reunion,REU,10,0,867582,2.3900001,2.1900001,1.65,1.6799999,1.77,1.9,2.4300001,2.8,2.45,2.0999999,2.0899999,2.3800001,1.92,2.49,1.52,2.5899999,2.3599999,2.4400001,2.3299999,1.9299999,2.6600001,0,0,0,0,0,0,0,0,0,0,0,0,0,0,0,0,0,0,0,0,0,,,,,,,,,,,,,,,,,,,,,
Romania,ROU,10,25,21461280,25.18,23.200001,22.85,19.35,22.790001,19.93,17.879999,19.459999,19.15,14.65,15.14,18.07,17.76,21.030001,17.639999,13.02,15.84,16.33,14.93,11.02,11.28,1.49,1.29,1.26,.92000002,1.25,.97000003,.76999998,.93000001,.89999998,.46000001,.5,.79000002,.75999999,1.08,.75,.30000001,.56999999,.62,.47999999,.13,.14,.17,.079999998,.050000001,0,.029999999,.0099999998,0,0,0,0,0,0,0,.0099999998,0,0,0,0,0,0,0
Russia,RUS,10,25,141826080,19.209999,17.049999,16.940001,15.34,17.219999,15.92,13.79,14.22,16.469999,12.96,14.76,15.36,16.360001,14.08,14.69,14.15,13.46,12.22,15.49,12.74,12.17,.91000003,.70999998,.69999999,.55000001,.72000003,.61000001,.43000001,.46000001,.64999998,.34999999,.49000001,.56,.66000003,.41999999,.47999999,.44,.37,.28999999,.56,.31999999,.27000001,.079999998,.029999999,.0099999998,0,.0099999998,.02,0,0,.0099999998,0,0,0,.029999999,0,.0099999998,0,0,0,0,0,0
Rwanda,RWA,10,0,12179047,35.580002,22.82,26.719999,27,25.34,21.139999,23.549999,22.559999,17.73,25.129999,24.85,24.200001,24.030001,26.83,27.17,26.610001,25.219999,26.030001,25.959999,21.780001,19.530001,2.51,1.26,1.64,1.67,1.5,1.09,1.33,1.23,.75999999,1.48,1.45,1.39,1.38,1.65,1.6799999,1.63,1.49,1.5700001,1.5599999,1.15,.93000001,,,,,,,,,,,,,,,,,,,,,
Saudi Arabia,SAU,10,15,33379837,13.35,12.47,14.68,11.22,11.73,10.07,10.25,15.87,14.91,16.299999,17.41,13.57,13.4,15.64,18.49,15.16,15.68,17.860001,17.879999,17.120001,14.37,.40000001,.34,.52999997,.18000001,.23,.12,.17,.61000001,.5,.63,.75,.43000001,.36000001,.56,.83999997,.51999998,.56999999,.77999997,.76999998,.70999998,.44,.15000001,.11,.25999999,.039999999,.039999999,.0099999998,.039999999,.28,.17,.28999999,.37,.20999999,.07,.17,.43000001,.17,.20999999,.34999999,.36000001,.38,.15000001
Sudan,SDN,10,0,43121988,11.48,8.9399996,9.0699997,6.5100002,7.1399999,9.29,8.5600004,12.01,9.7399998,9.9700003,5.4099998,6.6300001,8.3900003,5.9899998,13.04,7.1700001,11.29,9.2200003,8.3400002,12.39,7.29,.18000001,.050000001,.059999999,.0099999998,.0099999998,.07,.039999999,.23999999,.039999999,.079999998,0,.0099999998,.0099999998,.0099999998,.31999999,0,.17,.079999998,.02,.28,.0099999998,,,,,,,,,,,,,,,,,,,,,
Senegal,SEN,10,0,15000825,6.6599998,6.2600002,5.1399999,5.1700001,3.9200001,8.5500002,7.4699998,6.2600002,5.1500001,4.8400002,5.0500002,6.48,6.0100002,4.8299999,6.6100001,7.27,2.71,5.2199998,4.46,7.7399998,6.0300002,.0099999998,0,0,0,0,.059999999,0,.02,0,0,0,.029999999,0,0,0,.050000001,0,0,0,.02,0,,,,,,,,,,,,,,,,,,,,,
Singapore,SGP,10,12,5973869,56.669998,74.730003,80.160004,73.07,61.349998,44.610001,41.580002,46.349998,71.870003,46.52,41.75,47.720001,37.66,43.959999,50.630001,54.52,45.040001,59.34,45.59,61.57,44.360001,4.5700002,6.3400002,6.8800001,6.1799998,5.0300002,3.3900001,3.0899999,3.5599999,6.0599999,3.5799999,3.1099999,3.7,2.71,3.3299999,3.98,4.3600001,3.4300001,4.8299999,3.49,5.0500002,3.3699999,4.3800001,6.1500001,6.6799998,5.98,4.8400002,3.2,2.9000001,3.3699999,5.8699999,3.3800001,2.9200001,3.5,2.51,3.1300001,3.79,4.1700001,3.24,4.6399999,3.29,4.8600001,3.1700001
Saint Helena,SHN,10,0,7542,5.0300002,4.1999998,3.75,3.26,4.25,4.3699999,4.3099999,4.0500002,3.6300001,4.3699999,4,3.51,3.6700001,3.54,3.45,3.72,2.51,3.3399999,4.0100002,3.5999999,3.3099999,0,0,0,0,0,0,0,0,0,0,0,0,0,0,0,0,0,0,0,0,0,,,,,,,,,,,,,,,,,,,,,
Solomon Islands,SLB,10,0,589501,2.3800001,1.51,1.65,1.91,2.4200001,2.1199999,2.05,1.86,2.5699999,2.5899999,1.8200001,2.54,2.54,2.3399999,2.4000001,2.6600001,2.8399999,2.8299999,3.1900001,2.8199999,2.5899999,0,0,0,0,0,0,0,0,0,0,0,0,0,0,0,0,0,0,0,0,0,,,,,,,,,,,,,,,,,,,,,
Sierra Leone,SLE,10,0,6315119,34.560001,17.690001,24.42,18.030001,15.55,17.48,26.040001,28.66,21.51,23.66,21.23,24.43,19.799999,23.040001,17.75,24,19.02,21.77,13.2,20.02,16.82,2.4100001,.75,1.41,.79000002,.54000002,.73000002,1.5700001,1.83,1.13,1.34,1.1,1.41,.95999998,1.28,.75999999,1.37,.88,1.15,.31,.98000002,.67000002,,,,,,,,,,,,,,,,,,,,,
El Salvador,SLV,10,15,6171219,29.959999,15.65,17.190001,10.67,10.69,12.19,8.9099998,11.46,10.12,12.4,11.33,12.01,10.9,15.03,12.34,14.07,10.71,12.91,11.53,10.29,10.42,1.96,.55000001,.69999999,.079999998,.079999998,.20999999,0,.15000001,.050000001,.23999999,.14,.2,.11,.49000001,.23,.40000001,.079999998,.28999999,.16,.079999998,.07,1.47,.1,.23,0,0,0,0,0,0,0,0,0,0,.079999998,.0099999998,.039999999,0,.0099999998,0,0,0
San Marino,SMR,10,0,34245,21.120001,20.34,18.290001,14.73,17.719999,19.43,14.87,16.16,14.44,13.35,13.69,15.42,11.84,15.51,11.61,12.01,11.25,15.03,12.77,10.74,12.3,1.09,1.01,.81,.46000001,.75999999,.92000002,.47999999,.60000002,.43000001,.33000001,.36000001,.52999997,.18000001,.54000002,.16,.2,.12,.49000001,.27000001,.07,.23,,,,,,,,,,,,,,,,,,,,,
Somalia,SOM,10,0,11245751,6.54,8.6800003,7.4400001,5.5,7.25,10.19,5.6399999,4.3699999,4.7199998,7.0900002,8.3000002,8.0799999,8.79,8.4300003,7.79,8.0500002,7.2800002,8.5600004,7.75,6.73,8.1400003,0,.059999999,.0099999998,0,.0099999998,.13,0,0,0,0,.029999999,.039999999,.050000001,.07,.029999999,.029999999,.0099999998,.039999999,.0099999998,0,.029999999,,,,,,,,,,,,,,,,,,,,,
Saint Pierre and Miquelon,SPM,10,0,665,4.1900001,4.52,4.2199998,3.52,3.97,4.27,3.78,4.4000001,3.9300001,3.72,3.79,3.79,3.51,2.95,3.1900001,3.8199999,3.5,3.75,3.1700001,3.5999999,5.73,0,0,0,0,0,0,0,0,0,0,0,0,0,0,0,0,0,0,0,0,0,,,,,,,,,,,,,,,,,,,,,
Serbia,SRB,10,25,7105531,26.889999,25.690001,24.5,21.950001,23.639999,22.73,18.559999,22.24,19.9,16.42,15.53,20.110001,21.879999,25.07,20.48,18.620001,17.280001,20.74,16.15,13.49,13.21,1.66,1.54,1.42,1.17,1.34,1.25,.83999997,1.2,.97000003,.63,.54000002,.99000001,1.16,1.48,1.03,.83999997,.70999998,1.05,.60000002,.34999999,.31999999,.27000001,.19,.079999998,.0099999998,.050000001,.029999999,0,.02,0,0,0,0,.02,.1,0,0,0,0,0,0,0
South Sudan,SSD,10,0,13552200,24.219999,18.719999,15.52,14.44,13.49,13.08,14.37,17.870001,12.88,14.11,11.97,13.55,13.87,15.38,19.209999,13.57,17.190001,18.66,14.59,19.040001,12.96,1.39,.85000002,.54000002,.44,.36000001,.31999999,.43000001,.77999997,.28,.40000001,.25,.38,.38,.52999997,.89999998,.37,.69999999,.85000002,.44999999,.88999999,.37,,,,,,,,,,,,,,,,,,,,,
São Tomé and Príncipe,STP,10,0,193274,20.65,11.67,15.85,16.18,17.26,16.34,16.379999,18.07,12.69,16.26,14.79,13.1,14.17,15.39,12.77,15.34,12.17,15.68,14.58,12.21,12.07,1.04,.16,.56999999,.61000001,.70999998,.62,.63,.79000002,.25999999,.61000001,.47,.30000001,.41,.52999997,.27000001,.51999998,.20999999,.56,.44999999,.22,.2,,,,,,,,,,,,,,,,,,,,,
Suriname,SUR,10,0,613331,17.52,12.43,18.35,11.52,5.8600001,9.0799999,11.39,11.25,11.93,18.370001,10.37,8.7299995,4.5999999,7.9299998,11.8,8.3599997,4.1599998,9.4399996,3.48,6.7199998,11.23,.74000001,.25,.81999999,.15000001,0,.0099999998,.14,.13,.19,.81999999,.050000001,0,0,.0099999998,.18000001,0,0,.0099999998,0,0,.12,,,,,,,,,,,,,,,,,,,,,
Slovakia,SVK,10,25,5448569,28.719999,25.629999,23.809999,21.629999,25.120001,22.27,19.58,23.209999,22.809999,18.76,15.26,20.969999,21.65,22.66,18.84,18.469999,17.809999,19.530001,18.370001,16.440001,14.95,1.83,1.53,1.35,1.14,1.48,1.2,.94,1.29,1.26,.86000001,.51999998,1.0700001,1.14,1.24,.87,.82999998,.76999998,.93000001,.81999999,.63,.47999999,.37,.12,.029999999,.0099999998,.1,.0099999998,0,.029999999,.02,0,0,0,.0099999998,.02,0,0,0,0,0,0,0
Slovenia,SVN,10,0,2071499,23.67,21.82,21.540001,17.059999,19.98,18.32,15.45,18.290001,18.33,12.87,13.69,17.09,15.02,17,13.17,14.95,13.98,15.63,14.18,12.14,14.35,1.34,1.16,1.13,.69,.98000002,.81,.52999997,.81,.81999999,.28,.36000001,.69999999,.49000001,.69,.31,.49000001,.38999999,.55000001,.41,.20999999,.43000001,,,,,,,,,,,,,,,,,,,,,
Sweden,SWE,10,25,10018081,13.27,12.14,11.86,7.8699999,8.7799997,9.8999996,7.5300002,8.2299995,10.27,7.6300001,6.9899998,8.0299997,8.7299995,8.6800003,6.1300001,6.9200001,8.79,6.46,6.04,6.5,8,.37,.25,.23999999,.02,.039999999,.11,.0099999998,.029999999,.11,.029999999,0,.0099999998,.059999999,.050000001,0,0,.029999999,0,0,.0099999998,.02,0,0,0,0,0,0,0,0,0,0,0,0,0,0,0,0,0,0,0,0,0
Swaziland,SWZ,10,0,1092042,12.04,11.51,13,9.6800003,8.8100004,8.1999998,9.2600002,9.9799995,9.8299999,8.9700003,10.14,9.6999998,11.09,9.9700003,10.31,10.23,9.9499998,10.54,8.6899996,10.16,10.34,.2,.15000001,.30000001,.02,0,0,0,.02,.0099999998,0,.029999999,.0099999998,.11,.02,.039999999,.029999999,.02,.059999999,0,.039999999,.039999999,,,,,,,,,,,,,,,,,,,,,
Sint Maarten,SXM,10,0,42198,3.1800001,2.4000001,4.54,5.98,3.21,3.5999999,2.6700001,2.99,2.99,4.4499998,3.4300001,3.3,4.75,3.5799999,4.3000002,3.2,3.01,2.5799999,3.6600001,4.4099998,2.8199999,0,0,0,0,0,0,0,0,0,0,0,0,0,0,0,0,0,0,0,0,0,,,,,,,,,,,,,,,,,,,,,
Syria,SYR,10,0,18489443,10.62,11.21,9.75,11.23,12.73,13.33,8.1499996,10.51,9.0699997,13.55,14.24,15.38,11.91,14.64,16.41,14.1,13.65,11.03,14.56,14.34,15.88,.13,.15000001,.090000004,.13,.27000001,.33000001,0,.090000004,.029999999,.34999999,.43000001,.52999997,.2,.44999999,.63,.40000001,.36000001,.12,.44999999,.41999999,.57999998,,,,,,,,,,,,,,,,,,,,,
Turks and Caicos Islands,TCA,10,25,17661,3.77,5.8899999,3.6300001,5.3099999,3.6900001,2.8099999,5.2800002,4.5999999,4.0999999,5.8499999,3.3399999,2.6500001,4.9699998,3.6300001,4.3000002,4.9000001,4.5799999,2.8399999,2.04,3.72,3.1300001,0,0,0,0,0,0,0,0,0,0,0,0,0,0,0,0,0,0,0,0,0,0,0,0,0,0,0,0,0,0,0,0,0,0,0,0,0,0,0,0,0,0
Chad,TCD,10,0,15861209,16.42,11.32,10.54,11.44,8.4799995,12.41,14.02,18.559999,13.93,13.39,12.93,7.8899999,12.69,11.33,18.26,9.8800001,16.92,9.3599997,11.33,13.24,9.8900003,.64999998,.25999999,.23999999,.25999999,.079999998,.28999999,.43000001,.85000002,.46000001,.40000001,.5,.079999998,.37,.33000001,.82999998,.2,.70999998,.13,.30000001,.41,.27000001,,,,,,,,,,,,,,,,,,,,,
Togo,TGO,10,0,8207812,43.98,23.559999,25.129999,35.389999,25.940001,23.65,40.860001,40.209999,29.35,41.16,30.639999,28.049999,31.43,33.200001,31.5,30.370001,31.32,37.580002,23.639999,26.82,28.51,3.3299999,1.33,1.49,2.49,1.5599999,1.34,3.02,2.96,1.9,3.05,2.02,1.77,2.0999999,2.27,2.1099999,2,2.0899999,2.7,1.34,1.65,1.8099999,,,,,,,,,,,,,,,,,,,,,
Thailand,THA,10,25,68594615,23.620001,18.379999,20.030001,19.49,21.6,18.35,23.09,21.33,20.690001,24.459999,21.35,22.059999,22.09,22.1,21.77,24.67,22.530001,19.92,23.049999,20.23,20.809999,1.34,.82999998,.98000002,.93000001,1.14,.81999999,1.28,1.11,1.05,1.42,1.11,1.1799999,1.1900001,1.1900001,1.16,1.4400001,1.23,.97000003,1.28,1,1.0599999,.2,.02,.07,.0099999998,.07,0,.1,.02,.029999999,.18000001,.079999998,.11,.1,.079999998,.090000004,.20999999,.059999999,0,.11,.02,.02
Tajikistan,TJK,10,0,8590233,23.790001,29.200001,28.360001,22.26,16.530001,16.77,17.959999,18.09,19.4,27.4,23.91,20.48,18.879999,28.280001,20.24,19.370001,20.940001,23.110001,17.950001,19.110001,20.709999,1.35,1.88,1.8,1.2,.63999999,.67000002,.77999997,.79000002,.92000002,1.71,1.36,1.03,.87,1.79,1,.92000002,1.0700001,1.28,.77999997,.88999999,1.05,,,,,,,,,,,,,,,,,,,,,
Tokelau,TKL,10,0,182,1.05,1.51,1.5599999,1.54,1.13,1.71,1.55,0,1.41,1.12,0,1.01,1.1799999,1.54,1.48,1.52,1.42,0,0,.94,1.42,0,0,0,0,0,0,0,0,0,0,0,0,0,0,0,0,0,0,0,0,0,,,,,,,,,,,,,,,,,,,,,
Turkmenistan,TKM,10,0,5387107,9.9799995,15.42,10.55,10.83,10.68,9.4899998,6.0500002,10.24,9.7600002,12.74,10.1,8.9899998,8.7200003,14.64,13.96,8.54,8.1499996,9.4899998,12.7,10.01,9.5900002,.090000004,.52999997,.11,.14,.15000001,.079999998,0,.12,.059999999,.28999999,.13,.07,.07,.49000001,.38999999,.029999999,.039999999,.11,.27000001,.090000004,.07,,,,,,,,,,,,,,,,,,,,,
Timor-Leste,TLS,10,0,1304571,7.4699998,9.6000004,7.0599999,9.4799995,8.1899996,7.7600002,9.0900002,7.0999999,8.5100002,8.79,8.6300001,10.03,7.5300002,10.46,10.57,8.4700003,11.18,10.48,11.4,11.94,10.94,.0099999998,.039999999,0,.029999999,.0099999998,.0099999998,.029999999,0,.02,.02,.02,.050000001,.0099999998,.059999999,.090000004,.02,.13,.07,.14,.2,.1,,,,,,,,,,,,,,,,,,,,,
Tonga,TON,10,0,105222,1.52,1.3099999,1.3200001,.97000003,1.3099999,1.17,1.17,1.27,1.92,1.1,2.8699999,1.74,1.95,1.6900001,1.77,.50999999,.94,.0099999998,1.8099999,1.25,1.71,0,0,0,0,0,0,0,0,0,0,0,0,0,0,0,0,0,0,0,0,0,,,,,,,,,,,,,,,,,,,,,
Trinidad and Tobago,TTO,10,15,1215526,3.4400001,2.01,2.3599999,4.2199998,3.02,2,2.73,2.7,2.5799999,3.6500001,2.48,2.3499999,2.6900001,3.8599999,4.2600002,2.1300001,2.29,3.1600001,2.95,4.79,3.3800001,0,0,0,0,0,0,0,0,0,0,0,0,0,0,0,0,0,0,0,0,0,0,0,0,0,0,0,0,0,0,0,0,0,0,0,0,0,0,0,0,0,0
Tunisia,TUN,10,0,11509715,8.04,5.7600002,8.46,11.1,16,11.59,4.54,10.02,10.49,10.18,10.09,8.4300003,3.5899999,6.4899998,6.96,5.3000002,2.6900001,11.48,10.01,9,7.1999998,0,0,0,.12,.58999997,.16,0,.050000001,.090000004,.07,.050000001,.029999999,0,0,0,0,0,.15000001,.07,.039999999,0,,,,,,,,,,,,,,,,,,,,,
Turkey,TUR,10,0,82311306,16.84,14.33,14.46,14.04,15.35,13.62,9.4499998,12.89,11.83,10.92,12.09,15.31,11.14,16.540001,17.84,14.3,13.95,14.09,15.79,14.6,13.97,.67000002,.43000001,.44999999,.41,.52999997,.38,.12,.33000001,.28,.17,.23,.51999998,.15000001,.63999999,.76999998,.43000001,.40000001,.41999999,.56999999,.44999999,.40000001,,,,,,,,,,,,,,,,,,,,,
Tuvalu,TUV,10,0,570,1.51,1.14,1.24,1.04,1.13,1.12,1.08,0,1.04,1.25,1.26,0,.81,0,1.0599999,1.12,1,.47,1.05,1.02,.94,0,0,0,0,0,0,0,0,0,0,0,0,0,0,0,0,0,0,0,0,0,,,,,,,,,,,,,,,,,,,,,
Taiwan,TWN,10,15,23527623,22.52,20.129999,23.450001,25.49,25.190001,21.209999,22.5,23.35,21.49,22.34,20.610001,24.16,21,23.66,21.030001,21.67,22.219999,23.219999,20.450001,19.379999,16.17,1.23,.99000001,1.3200001,1.52,1.49,1.1,1.23,1.3099999,1.13,1.21,1.04,1.39,1.08,1.34,1.08,1.15,1.2,1.3,1.03,.92000002,.61000001,.75999999,.54000002,.85000002,1.03,1.01,.63,.74000001,.82999998,.64999998,.73000002,.56999999,.89999998,.61000001,.86000001,.61000001,.67000002,.72000003,.81999999,.56,.46000001,.20999999
Tanzania,TZA,10,0,55405336,11.97,8.0299997,9.3699999,12.81,10.8,10.17,9.5100002,9.8299999,8.29,10.86,10.23,11.6,11.68,13.23,13.23,12.58,11.99,13.04,12.61,9.8999996,9.5699997,.28,.059999999,.13,.31999999,.16,.13,.12,.11,.050000001,.17,.14,.19,.20999999,.34,.34,.28999999,.23,.33000001,.28999999,.12,.1,,,,,,,,,,,,,,,,,,,,,
Uganda,UGA,10,0,40791999,26.07,16.809999,18.120001,20.290001,19.23,15.64,17.34,15.81,14.66,17.18,17.57,18.110001,19.059999,20.91,19.52,21.610001,20.219999,21.790001,21.639999,17.549999,17.98,1.5700001,.67000002,.80000001,1.01,.89999998,.56,.73000002,.57999998,.46000001,.70999998,.74000001,.80000001,.88999999,1.0700001,.93000001,1.14,1,1.16,1.14,.74000001,.77999997,,,,,,,,,,,,,,,,,,,,,
Ukraine,UKR,10,0,43960714,20.540001,18.6,17.76,16.84,18.52,15.12,13.68,15.27,18.41,13.38,13.76,16.190001,15.29,16.690001,14.97,13.06,12.97,13.99,14.92,13.1,13.03,1.03,.83999997,.75999999,.67000002,.82999998,.5,.36000001,.51999998,.81999999,.34,.37,.61000001,.51999998,.66000003,.49000001,.31,.30000001,.40000001,.47999999,.31,.30000001,,,,,,,,,,,,,,,,,,,,,
Uruguay,URY,10,0,3356252,4.6700001,6.2199998,5.6300001,5.1500001,5.0300002,4.8699999,4.48,4.4400001,4.8800001,5.4200001,5.1300001,5.48,5.2199998,5.7399998,5.25,5.5,5.3499999,4.9400001,5.3699999,4.8499999,4.5700002,0,0,0,0,0,0,0,0,0,0,0,0,0,0,0,0,0,0,0,0,0,,,,,,,,,,,,,,,,,,,,,
United States,USA,10,12,327129672,13.87,12.29,12.62,11.41,12.01,10.81,9.9200001,11.03,10,10.67,9.6199999,9.6499996,8.1400003,10.29,9.0500002,8.79,8.21,9.1300001,8.0900002,7.6700001,7.8000002,.41,.25999999,.30000001,.19,.23999999,.16,.090000004,.17,.090000004,.13,.079999998,.050000001,.0099999998,.1,.02,.02,.0099999998,.039999999,.0099999998,.0099999998,.02,.25,.13,.16,.07,.11,.059999999,.02,.059999999,.02,.029999999,.02,.0099999998,0,.02,0,0,0,.0099999998,0,0,.0099999998
Uzbekistan,UZB,10,0,30165579,23.870001,26.209999,26.110001,21.299999,18.33,21.73,19.85,21.93,23.370001,28.65,24.91,20.75,20.49,23.719999,21.799999,20.15,22.719999,19.93,20.27,21.92,21.860001,1.39,1.59,1.58,1.12,.86000001,1.16,1.02,1.1900001,1.3200001,1.83,1.49,1.1,1.05,1.36,1.17,1.02,1.29,1.04,1.01,1.17,1.17,,,,,,,,,,,,,,,,,,,,,
Vatican City,VAT,10,0,1000,17.99,18.290001,16.639999,17.309999,20.860001,20.32,12.12,16.9,13.88,14.32,16.4,16.209999,10.84,18.09,12.47,13.27,7.3000002,16.110001,15.05,12.33,14.96,.77999997,.81,.64999998,.72000003,1.0599999,1.01,.20999999,.68000001,.38,.41999999,.63,.61000001,.079999998,.79000002,.23999999,.31999999,0,.60000002,.5,.23,.49000001,,,,,,,,,,,,,,,,,,,,,
Saint Vincent and the Grenadines,VCT,10,0,98129,2.02,1.46,5.2800002,5.25,3.22,2.7,3.28,2.0799999,2.7,4,2.1300001,1.8099999,3.3,2.9100001,4.3499999,2.01,2.05,4.77,1.97,4.3000002,3.9200001,0,0,0,0,0,0,0,0,0,0,0,0,0,0,0,0,0,0,0,0,0,,,,,,,,,,,,,,,,,,,,,
Venezuela,VEN,10,0,31681004,13.08,9.9300003,8.6599998,12.78,9.4899998,10.96,8.9200001,10.9,9.1700001,12.1,9.8900003,9.7700005,12.52,13.15,12.42,11.87,10.71,11.23,12.92,13.01,10.31,.44999999,.23999999,.13,.34,.14,.28999999,.13,.25,.15000001,.31,.19,.15000001,.36000001,.38999999,.31,.31,.23,.25999999,.38999999,.36000001,.19,,,,,,,,,,,,,,,,,,,,,
British Virgin Islands,VGB,10,0,29415,3.0599999,1.99,5.46,5.0599999,2.8099999,2.46,2.2,2.26,3.0899999,3.8699999,2.98,2.8900001,4.2199998,2.6300001,3.8499999,1.9299999,1.38,2.6300001,2.6800001,3.8099999,1.78,0,0,0,0,0,0,0,0,0,0,0,0,0,0,0,0,0,0,0,0,0,,,,,,,,,,,,,,,,,,,,,
"Virgin Islands, U.S.",VIR,10,12,106977,3.21,1.96,4.9899998,5.1900001,2.9400001,2.3199999,2.3599999,2.6600001,2.95,4.0700002,3.1500001,3.0899999,4.3299999,2.9200001,4.1799998,3.28,2.0699999,2.5,2.79,4.0599999,1.75,0,0,0,0,0,0,0,0,0,0,0,0,0,0,0,0,0,0,0,0,0,0,0,0,0,0,0,0,0,0,0,0,0,0,0,0,0,0,0,0,0,0
Vietnam,VNM,10,25,96961206,25.59,23.59,23.360001,22.440001,23.370001,20.790001,26.309999,25.26,25.540001,29.030001,27.34,24.26,27.540001,31.190001,26.459999,28.77,27.99,25.370001,25.719999,24.4,22.08,1.54,1.35,1.3099999,1.24,1.3099999,1.0599999,1.6,1.5,1.52,1.87,1.7,1.4,1.72,2.0799999,1.61,1.84,1.76,1.51,1.54,1.41,1.1799999,.67000002,.58999997,.46000001,.47,.44,.23,.56999999,.5,.58999997,.88,.74000001,.47999999,.70999998,.98000002,.69999999,.77999997,.76999998,.49000001,.56,.44,.23
Vanuatu,VUT,10,0,261477,2.6500001,3.0799999,3.5,3.1600001,2.8,2.98,2.9300001,2.8599999,2.7,3.0599999,2.74,3.1099999,3.48,3.45,2.9000001,3.26,3.3800001,2.99,3.3399999,3.21,3.23,0,0,0,0,0,0,0,0,0,0,0,0,0,0,0,0,0,0,0,0,0,,,,,,,,,,,,,,,,,,,,,
Wallis and Futuna,WLF,10,0,15763,1.41,1.3,1.53,.57999998,1.35,2.01,1.9400001,1.41,1.71,.62,1.8,.79000002,1.92,1.66,1.6900001,1.11,1.72,.72000003,1.01,1.86,.85000002,0,0,0,0,0,0,0,0,0,0,0,0,0,0,0,0,0,0,0,0,0,,,,,,,,,,,,,,,,,,,,,
Samoa,WSM,10,0,200844,1.41,1.71,1.65,1.11,1.2,1.8200001,1.84,1.9299999,1.76,1.21,1.6900001,1.33,1.8099999,1.54,1.59,0,1.87,0,.92000002,1.6799999,0,0,0,0,0,0,0,0,0,0,0,0,0,0,0,0,0,0,0,0,0,0,,,,,,,,,,,,,,,,,,,,,
Akrotiri and Dhekelia,XAD,10,0,24751,9.8699999,9.6700001,9.6700001,9.9300003,8.7299995,11.13,9.3599997,10.71,10.66,10.11,8.3500004,12.63,9.2600002,11.4,10.62,9.6400003,11.2,11.74,11.5,11.19,8.6800003,.050000001,.02,.029999999,.039999999,.0099999998,.11,.039999999,.07,.07,.039999999,.0099999998,.25999999,.029999999,.14,.059999999,.029999999,.12,.17,.15000001,.12,.029999999,,,,,,,,,,,,,,,,,,,,,
Kosovo,XKO,10,0,1903204,25.17,22.65,25.190001,19.33,20.67,19.25,18.450001,19.58,16.99,16.34,15.74,16.799999,14.52,24.9,20.790001,18.08,18.299999,19.08,15.82,12.25,13.18,1.49,1.24,1.49,.91000003,1.05,.91000003,.82999998,.94,.68000001,.62,.56,.67000002,.44,1.46,1.0599999,.79000002,.81,.88999999,.56999999,.22,.31,,,,,,,,,,,,,,,,,,,,,
Northern Cyprus,XNC,10,0,386848,9.5500002,9.3400002,8.6800003,9.3299999,8.0799999,10,8.5600004,9.6999998,11.39,9.0900002,8.71,11.17,8.2700005,10.41,9.9799995,9.04,10,11.04,10.39,10.5,8.54,0,0,0,0,0,.02,0,0,.14,0,0,.12,0,.039999999,.02,0,.02,.1,.039999999,.050000001,0,,,,,,,,,,,,,,,,,,,,,
Yemen,YEM,10,0,28674888,12.73,15.53,11.18,7.3099999,11.75,11.6,7.4299998,8.5600004,11.06,10.74,16.92,17.58,11.61,16.620001,12.84,11.88,12.58,16.25,11.09,11.11,11.96,.27000001,.54000002,.14,0,.18000001,.18000001,0,.0099999998,.12,.090000004,.68000001,.74000001,.17,.64999998,.28,.19,.25,.61000001,.13,.12,.2,,,,,,,,,,,,,,,,,,,,,
South Africa,ZAF,10,20,55383187,12.24,11.34,12.05,10.84,10.4,9.8299999,9.8699999,10.24,10.78,10.08,10.04,11.63,11.89,12.05,11.62,10.73,11.21,11.79,10.91,10.76,10.54,.31999999,.25,.31,.20999999,.16,.14,.13,.16,.20999999,.14,.17,.27000001,.28,.31,.28,.18000001,.23,.25999999,.20999999,.22,.19,0,0,0,0,0,0,0,0,0,0,0,0,0,0,0,0,0,0,0,0,0
Zambia,ZMB,10,0,16567629,12.66,10.62,12.58,16.389999,13.03,12.23,11.01,12.29,10.96,13.95,13.44,14.22,13.73,15.42,15.7,14.05,13.98,14.96,14.06,12.21,10.82,.25999999,.11,.25999999,.63,.30000001,.22,.12,.23,.12,.38999999,.34,.41,.37,.52999997,.56,.40000001,.38999999,.49000001,.40000001,.22,.1,,,,,,,,,,,,,,,,,,,,,
Zimbabwe,ZWE,10,0,14019647,9.1499996,7.5599999,9.0500002,13.46,9.8699999,8.4799995,7.4299998,8.6999998,7.9400001,9.0100002,10.13,10.7,9.71,11.72,11.61,10.67,11.42,11.35,10.64,7.5500002,7.73,.02,0,.0099999998,.34,.039999999,0,0,.0099999998,0,.02,.050000001,.12,.02,.18000001,.18000001,.1,.15000001,.13,.1,0,0,,,,,,,,,,,,,,,,,,,,,